address,name,size,status,module,notes
0x080000C0,AgbMain,52,matching,bootstrap,52-byte body and 16-byte literal pool reproduce ROM bytes 0xC0-0x103 exactly
0x08000104,IntrMain,276,matching,bootstrap,276-byte body and 8-byte literal pool reproduce ROM bytes 0x104-0x21F exactly
0x08000220,VBlankIntr,364,matching,interrupt,312-byte body with interleaved literal pools reproduces ROM bytes 0x220-0x38B exactly size measured including the tail pool (byte-matching evidence)
0x0800038C,InitInterrupts,164,matching,bootstrap,102-byte body and 62-byte padding/literal pool reproduce ROM bytes 0x38C-0x42F exactly size measured including the tail pool (byte-matching evidence)
0x08000430,GameInit,768,matching,bootstrap,Main initialization/game loop plus literal pools reproduce ROM bytes 0x430-0x72F exactly size measured including the tail pool (byte-matching evidence)
0x08000730,NoOpVBlankFinalize,2,matching,interrupt,Two-byte no-op called by VBlankIntr; included in 0x730-0x7B3 matching block
0x08000734,DummyIntr,2,matching,interrupt,Default two-byte IRQ handler; included in 0x730-0x7B3 matching block
0x08000738,RunVBlankTransfers,96,matching,interrupt,80-byte shared graphics transfer path; surrounding literals match size measured including the tail pool (byte-matching evidence)
0x08000798,NoOpInterruptHelper,2,matching,interrupt,Two-byte no-op helper; included in 0x730-0x7B3 matching block
0x0800079C,VCountIntr,24,matching,interrupt,20-byte VCount handler and literal reproduce ROM exactly size measured including the tail pool (byte-matching evidence)
0x080007B4,ResetDisplayAndInterrupts,120,matching,bootstrap,90-byte body and 30-byte padding/literals reproduce ROM bytes 0x7B4-0x82B exactly size measured including the tail pool (byte-matching evidence)
0x0800082C,InitSaveSystem,240,matching,save,Initializes EEPROM and CRAWSAVE metadata; entire 0x82C-0x91B region reproduces ROM size measured including the tail pool (byte-matching evidence)
0x0800091C,ReadEepromBytes,208,matching,save,Reads EEPROM in 8-byte units while masking interrupts; entire 0x91C-0x9EB region reproduces ROM size measured including the tail pool (byte-matching evidence)
0x080009EC,WriteEepromBytes,276,matching,save,Writes/verifies EEPROM with retries; entire 0x9EC-0xAFF region reproduces ROM size measured including the tail pool (byte-matching evidence)
0x08000B00,WriteSaveSlot,120,matching,save,Clamps slot/length and marks validity; included in exact 0xB00-0xBE3 block size measured including the tail pool (byte-matching evidence)
0x08000B78,ReadSaveSlot,108,matching,save,Checks validity and reads a clamped slot; included in exact 0xB00-0xBE3 block size measured including the tail pool (byte-matching evidence)
0x08000BE4,IsSaveSlotValid,28,matching,save,Reads metadata and returns slot-valid byte; exact in 0xBE4-0xBFF block size measured including the tail pool (byte-matching evidence)
0x08000C00,ReadSaveMetadata,18,matching,save,Reads the fixed 32-byte metadata block; exact in save-wrapper block
0x08000C14,WriteSaveMetadata,18,matching,save,Writes the fixed 32-byte metadata block; exact in save-wrapper block
0x08000C28,InitSaveManager,248,matching,save,Initializes three game-save headers and validates their checksum; exact through literal pools size measured including the tail pool (byte-matching evidence)
0x08000D20,LoadSaveSlot,96,matching,save,Loads a 160-byte slot and validates marker/complement checksum size measured including the tail pool (byte-matching evidence)
0x08000D80,WriteGameSaveSlot,92,matching,save,Creates a nonzero marker/complement checksum and writes a 160-byte slot size measured including the tail pool (byte-matching evidence)
0x08000DDC,ReadEepromRange,320,matching,save,Reads an arbitrary unaligned EEPROM byte range; exact 0xDDC-0xF1B region size measured including the tail pool (byte-matching evidence)
0x08000F1C,WriteEepromRange,376,matching,save,Writes arbitrary unaligned EEPROM byte ranges with bounded retries size measured including the tail pool (byte-matching evidence)
0x08001094,EraseSaveSlot,62,matching,save,Clears a slot header and its first EEPROM block size measured including the tail pool (byte-matching evidence)
0x080010D4,GetSaveSlotHeader,36,matching,save,Returns a valid slot header pointer or null size measured including the tail pool (byte-matching evidence)
0x080010F8,ReadU8,4,matching,serialization,Reads one byte from a serialized buffer
0x080010FC,ReadU16LE,12,matching,serialization,Reads an unaligned little-endian 16-bit value
0x08001108,ReadU32LE,24,matching,serialization,Reads an unaligned little-endian 32-bit value
0x08001120,WriteU8,4,matching,serialization,Writes one byte to a serialized buffer
0x08001124,WriteU16LE,12,matching,serialization,Writes an unaligned little-endian 16-bit value
0x08001130,WriteU32LE,28,matching,serialization,Writes an unaligned little-endian 32-bit value
0x0800114C,BuildActiveMenuItems,160,matching,ui,Filters active menu items and calculates horizontal layout; exact 0x114C-0x11EB region size measured including the tail pool (byte-matching evidence)
0x080011EC,DrawMenuItems,448,matching,ui,Draws active menu labels and formats numeric values; exact 0x11EC-0x13AB region size measured including the tail pool (byte-matching evidence)
0x080013AC,InitMenuScreen,172,matching,ui,Initializes menu display state and uploads palette/clears VRAM; exact 0x13AC-0x1457 region size measured including the tail pool (byte-matching evidence)
0x08001458,RunMenuScreen,1448,decompiled,ui,Builds/draws menu hierarchy and handles navigation/actions until exit; the real body is 0x1458-0x19DE; Ghidra stopped at the jump table and counted 956; boundary corrected against the ROM (audit_boundaries.py)
0x08001A00,RunMenuLoop,960,matching,ui,"Builds the menu hierarchy, handles input and redraws; five-case switch on the action return value compiles to a jump table size measured including the tail pool (byte-matching evidence)"
0x08001DC0,ResetMenuState,64,matching,ui,Clears menu globals and active-item pointer table; exact in menu-helper block size measured including the tail pool (byte-matching evidence)
0x08001E00,IsMenuFlagSet,28,matching,ui,Tests a bit in the menu flag word; exact in menu-helper block size measured including the tail pool (byte-matching evidence)
0x08001E1C,FinalizeMenuLayout,18,matching,ui,Updates the menu layout-dependent rendering state; exact in menu-helper block
0x08001E30,LoadMenuGraphics,116,matching,ui,Loads menu graphics and uploads two palette ranges; exact in menu-graphics block size measured including the tail pool (byte-matching evidence)
0x08001EA4,ClearMenuVram,64,matching,ui,Fills the menu VRAM range through DMA3; exact in menu-graphics block size measured including the tail pool (byte-matching evidence)
0x08001EE4,EnableMenuDisplay,16,matching,ui,Writes display control value 0x0101; exact in menu-graphics block size measured including the tail pool (byte-matching evidence)
0x08001EF4,EnableMenuDisplayAlt,16,matching,ui,Duplicate display-control wrapper; exact in menu-graphics block size measured including the tail pool (byte-matching evidence)
0x08001F04,FUN_08001f04,656,candidate,unknown,Ghidra auto-analysis; boundary and ARM/Thumb mode are provisional; boundary corrected against the ROM (audit_boundaries.py)
0x08002194,FUN_08002194,602,candidate,unknown,Ghidra auto-analysis; boundary and ARM/Thumb mode are provisional; boundary corrected against the ROM (audit_boundaries.py)
0x080023F0,DrawPauseTexts,196,candidate,unknown,Ghidra auto-analysis; boundary and ARM/Thumb mode are provisional; boundary corrected against the ROM (audit_boundaries.py); boundary corrected against the ROM (audit_boundaries.py)
0x080024B4,FUN_080024b4,332,candidate,unknown,Ghidra auto-analysis; boundary and ARM/Thumb mode are provisional; boundary corrected against the ROM (audit_boundaries.py)
0x08002600,FUN_08002600,3668,candidate,unknown,Ghidra auto-analysis; boundary and ARM/Thumb mode are provisional; boundary verified by the 2026-09-04 ROM flow review; boundary corrected against the ROM (audit_boundaries.py)
0x08003454,ShowNextCutsceneFrame,152,matching,unknown,verified from a byte-matching C source; boundary and ARM/Thumb mode PROVEN against the ROM
0x080034EC,ResetBgScrollAndAffine,112,matching,unknown,verified from a byte-matching C source; boundary and ARM/Thumb mode PROVEN against the ROM
0x0800355C,FUN_0800355c,872,candidate,unknown,Ghidra auto-analysis; boundary and ARM/Thumb mode are provisional; boundary corrected against the ROM (audit_boundaries.py); boundary corrected against the ROM (audit_boundaries.py)
0x080038C4,FUN_080038c4,192,candidate,unknown,Ghidra auto-analysis; boundary and ARM/Thumb mode are provisional; boundary corrected against the ROM (audit_boundaries.py)
0x08003984,FUN_08003984,656,candidate,unknown,Ghidra auto-analysis; boundary and ARM/Thumb mode are provisional; boundary corrected against the ROM (audit_boundaries.py)
0x08003C14,FUN_08003c14,160,candidate,unknown,Ghidra auto-analysis; boundary and ARM/Thumb mode are provisional; boundary corrected against the ROM (audit_boundaries.py)
0x08003CB4,FUN_08003cb4,828,candidate,unknown,Ghidra auto-analysis; boundary and ARM/Thumb mode are provisional; boundary corrected against the ROM (audit_boundaries.py); boundary corrected against the ROM (audit_boundaries.py)
0x08003FF0,FUN_08003ff0,272,candidate,unknown,Ghidra auto-analysis; boundary and ARM/Thumb mode are provisional; boundary corrected against the ROM (audit_boundaries.py)
0x08004100,FUN_08004100,104,candidate,unknown,Ghidra auto-analysis; boundary and ARM/Thumb mode are provisional; boundary corrected against the ROM (audit_boundaries.py)
0x08004168,FUN_08004168,172,candidate,unknown,Ghidra auto-analysis; boundary and ARM/Thumb mode are provisional; boundary corrected against the ROM (audit_boundaries.py); boundary corrected against the ROM (audit_boundaries.py)
0x08004214,FUN_08004214,108,candidate,unknown,Ghidra auto-analysis; boundary and ARM/Thumb mode are provisional; boundary corrected against the ROM (audit_boundaries.py)
0x08004280,FUN_08004280,652,candidate,unknown,Ghidra auto-analysis; boundary and ARM/Thumb mode are provisional; boundary corrected against the ROM (audit_boundaries.py); boundary corrected against the ROM (audit_boundaries.py)
0x0800450C,FUN_0800450c,462,candidate,unknown,Ghidra auto-analysis; boundary and ARM/Thumb mode are provisional; boundary corrected against the ROM (audit_boundaries.py)
0x080046DC,FUN_080046dc,1130,candidate,unknown,Ghidra auto-analysis; boundary and ARM/Thumb mode are provisional; boundary corrected against the ROM (audit_boundaries.py)
0x08004B48,FUN_08004b48,360,candidate,unknown,Ghidra auto-analysis; boundary and ARM/Thumb mode are provisional; boundary corrected against the ROM (audit_boundaries.py)
0x08004CB0,FUN_08004cb0,348,candidate,unknown,Ghidra auto-analysis; boundary and ARM/Thumb mode are provisional; boundary corrected against the ROM (audit_boundaries.py)
0x08004E0C,FUN_08004e0c,360,candidate,unknown,Ghidra auto-analysis; boundary and ARM/Thumb mode are provisional; boundary corrected against the ROM (audit_boundaries.py); boundary corrected against the ROM (audit_boundaries.py)
0x08004F74,FUN_08004f74,3580,candidate,unknown,Ghidra auto-analysis; boundary and ARM/Thumb mode are provisional; boundary verified by the 2026-09-04 ROM flow review; boundary corrected against the ROM (audit_boundaries.py)
0x08005D70,FUN_08005d70,284,candidate,unknown,Ghidra auto-analysis; boundary and ARM/Thumb mode are provisional; boundary corrected against the ROM (audit_boundaries.py)
0x08005E8C,FUN_08005e8c,208,candidate,unknown,Ghidra auto-analysis; boundary and ARM/Thumb mode are provisional; boundary corrected against the ROM (audit_boundaries.py)
0x08005F5C,FUN_08005f5c,24,candidate,unknown,Ghidra auto-analysis; boundary and ARM/Thumb mode are provisional; boundary corrected against the ROM (audit_boundaries.py)
0x08005F74,FUN_08005f74,52,candidate,unknown,Ghidra auto-analysis; boundary and ARM/Thumb mode are provisional; boundary corrected against the ROM (audit_boundaries.py)
0x08005FA8,FUN_08005fa8,28,candidate,unknown,Ghidra auto-analysis; boundary and ARM/Thumb mode are provisional; boundary corrected against the ROM (audit_boundaries.py)
0x08005FC4,FUN_08005fc4,10,matching,world,byte-matching from C (small function harvest)
0x08005FE0,FUN_08005fe0,72,candidate,unknown,Ghidra auto-analysis; boundary and ARM/Thumb mode are provisional; boundary corrected against the ROM (audit_boundaries.py); boundary corrected against the ROM (audit_boundaries.py)
0x08006028,FUN_08006028,84,candidate,unknown,Ghidra auto-analysis; boundary and ARM/Thumb mode are provisional; boundary corrected against the ROM (audit_boundaries.py); boundary corrected against the ROM (audit_boundaries.py)
0x0800607C,FUN_0800607c,18,candidate,unknown,Ghidra auto-analysis; boundary and ARM/Thumb mode are provisional
0x08006090,FUN_08006090,18,discovered,unknown,"missed by Ghidra; found with tools/discover_functions.py, body not yet reviewed"
0x080060A4,FUN_080060a4,128,discovered,unknown,"missed by Ghidra; found with tools/discover_functions.py, body not yet reviewed; boundary corrected against the ROM (audit_boundaries.py)"
0x08006124,FUN_08006124,92,candidate,unknown,Ghidra auto-analysis; boundary and ARM/Thumb mode are provisional; boundary corrected against the ROM (audit_boundaries.py)
0x08006190,FUN_08006190,128,discovered,unknown,"missed by Ghidra; found with tools/discover_functions.py, body not yet reviewed; boundary corrected against the ROM (audit_boundaries.py)"
0x08006210,FUN_08006210,102,candidate,unknown,Ghidra auto-analysis; boundary and ARM/Thumb mode are provisional; boundary corrected against the ROM (audit_boundaries.py)
0x08006278,FUN_08006278,34,candidate,unknown,Ghidra auto-analysis; boundary and ARM/Thumb mode are provisional
0x0800629C,FUN_0800629c,28,discovered,unknown,"missed by Ghidra; found with tools/discover_functions.py, body not yet reviewed; boundary corrected against the ROM (audit_boundaries.py)"
0x080062B8,FUN_080062b8,76,discovered,unknown,"missed by Ghidra; tools/discover_functions.py call target (certain), body not yet reviewed; boundary corrected against the ROM (audit_boundaries.py)"
0x080063E4,FUN_080063e4,192,discovered,unknown,"missed by Ghidra; found with tools/discover_functions.py, body not yet reviewed; boundary corrected against the ROM (audit_boundaries.py)"
0x080064F4,FUN_080064f4,84,discovered,unknown,"missed by Ghidra; found with tools/discover_functions.py, body not yet reviewed"
0x08006548,FUN_08006548,128,discovered,unknown,"missed by Ghidra; found with tools/discover_functions.py, body not yet reviewed"
0x080065C8,FUN_080065c8,224,discovered,unknown,"missed by Ghidra; found with tools/discover_functions.py, body not yet reviewed; boundary corrected against the ROM (audit_boundaries.py)"
0x080066A8,FUN_080066a8,664,candidate,unknown,Ghidra auto-analysis; boundary and ARM/Thumb mode are provisional; boundary verified by the 2026-09-04 ROM flow review
0x08006940,FUN_08006940,1024,candidate,unknown,Ghidra auto-analysis; boundary and ARM/Thumb mode are provisional; boundary corrected against the ROM (audit_boundaries.py); boundary corrected against the ROM (audit_boundaries.py)
0x08006D40,FUN_08006d40,126,candidate,unknown,Ghidra auto-analysis; boundary and ARM/Thumb mode are provisional; boundary corrected against the ROM (audit_boundaries.py)
0x08006DC0,FUN_08006dc0,944,discovered,unknown,"missed by Ghidra; found with tools/discover_functions.py, body not yet reviewed"
0x08007170,FUN_08007170,820,discovered,unknown,"missed by Ghidra; found with tools/discover_functions.py, body not yet reviewed; boundary corrected against the ROM (audit_boundaries.py)"
0x080074A4,FUN_080074a4,360,candidate,unknown,Ghidra auto-analysis; boundary and ARM/Thumb mode are provisional; boundary corrected against the ROM (audit_boundaries.py); boundary corrected against the ROM (audit_boundaries.py)
0x0800760C,FUN_0800760c,206,candidate,unknown,Ghidra auto-analysis; boundary and ARM/Thumb mode are provisional; boundary corrected against the ROM (audit_boundaries.py)
0x080076DC,FUN_080076dc,172,discovered,unknown,"missed by Ghidra; found with tools/discover_functions.py, body not yet reviewed; boundary corrected against the ROM (audit_boundaries.py)"
0x08007788,FUN_08007788,820,discovered,unknown,"missed by Ghidra; tools/discover_functions.py function pointer, body not yet reviewed; boundary corrected against the ROM (audit_boundaries.py)"
0x08007ABC,FUN_08007abc,776,candidate,unknown,Ghidra auto-analysis; boundary and ARM/Thumb mode are provisional; boundary corrected against the ROM (audit_boundaries.py); boundary corrected against the ROM (audit_boundaries.py)
0x08007DC4,FUN_08007dc4,300,candidate,unknown,Ghidra auto-analysis; boundary and ARM/Thumb mode are provisional; boundary corrected against the ROM (audit_boundaries.py); boundary corrected against the ROM (audit_boundaries.py)
0x08007EF0,FUN_08007ef0,92,discovered,unknown,"missed by Ghidra; tools/discover_functions.py function pointer, body not yet reviewed; boundary corrected against the ROM (audit_boundaries.py)"
0x08007F60,FUN_08007f60,88,discovered,unknown,"missed by Ghidra; found with tools/discover_functions.py, body not yet reviewed"
0x08007FB8,FUN_08007fb8,34,discovered,unknown,"missed by Ghidra; found with tools/discover_functions.py, body not yet reviewed"
0x08007FDC,FUN_08007fdc,136,candidate,unknown,Ghidra auto-analysis; boundary and ARM/Thumb mode are provisional; boundary corrected against the ROM (audit_boundaries.py); boundary corrected against the ROM (audit_boundaries.py)
0x08008064,PushHistory,48,matching,world,shifts the 31-entry history queue; src/world/history_push.c size measured including the tail pool (byte-matching evidence)
0x08008094,SetIndexReturnOne,14,matching,world,History queue; src/world/history_push.c
0x080080A4,FUN_080080a4,100,discovered,unknown,"missed by Ghidra; found with tools/discover_functions.py, body not yet reviewed; boundary corrected against the ROM (audit_boundaries.py)"
0x08008108,ZeroHistory,20,matching,core,byte-matching from a C source (MATCH-014 batch group 4)
0x0800811C,FUN_0800811c,116,candidate,unknown,Ghidra auto-analysis; boundary and ARM/Thumb mode are provisional; boundary corrected against the ROM (audit_boundaries.py); boundary corrected against the ROM (audit_boundaries.py)
0x08008190,IsWhitespace,30,candidate,unknown,Ghidra auto-analysis; boundary and ARM/Thumb mode are provisional
0x080081D4,FUN_080081d4,124,candidate,unknown,Ghidra auto-analysis; boundary and ARM/Thumb mode are provisional; boundary corrected against the ROM (audit_boundaries.py)
0x08008250,FUN_08008250,114,candidate,unknown,Ghidra auto-analysis; boundary and ARM/Thumb mode are provisional
0x080082C4,FUN_080082c4,64,candidate,unknown,Ghidra auto-analysis; boundary and ARM/Thumb mode are provisional; boundary corrected against the ROM (audit_boundaries.py)
0x08008304,FUN_08008304,72,candidate,unknown,Ghidra auto-analysis; boundary and ARM/Thumb mode are provisional; boundary corrected against the ROM (audit_boundaries.py)
0x0800834C,FUN_0800834c,108,discovered,unknown,"missed by Ghidra; tools/discover_functions.py function pointer, body not yet reviewed; boundary corrected against the ROM (audit_boundaries.py)"
0x080083E4,FUN_080083e4,172,candidate,unknown,Ghidra auto-analysis; boundary and ARM/Thumb mode are provisional; boundary corrected against the ROM (audit_boundaries.py); boundary corrected against the ROM (audit_boundaries.py)
0x08008490,FUN_08008490,252,candidate,unknown,Ghidra auto-analysis; boundary and ARM/Thumb mode are provisional; boundary corrected against the ROM (audit_boundaries.py)
0x0800858C,FUN_0800858c,412,candidate,unknown,Ghidra auto-analysis; boundary and ARM/Thumb mode are provisional; boundary corrected against the ROM (audit_boundaries.py); boundary corrected against the ROM (audit_boundaries.py)
0x08008728,FUN_08008728,204,candidate,unknown,Ghidra auto-analysis; boundary and ARM/Thumb mode are provisional; boundary corrected against the ROM (audit_boundaries.py)
0x080087F4,FUN_080087f4,120,candidate,unknown,Ghidra auto-analysis; boundary and ARM/Thumb mode are provisional; boundary corrected against the ROM (audit_boundaries.py)
0x0800886C,FUN_0800886c,64,candidate,unknown,Ghidra auto-analysis; boundary and ARM/Thumb mode are provisional; boundary corrected against the ROM (audit_boundaries.py)
0x080088EC,FUN_080088ec,72,discovered,unknown,"missed by Ghidra; found with tools/discover_functions.py, body not yet reviewed; boundary corrected against the ROM (audit_boundaries.py)"
0x08008934,FUN_08008934,124,candidate,unknown,Ghidra auto-analysis; boundary and ARM/Thumb mode are provisional; boundary corrected against the ROM (audit_boundaries.py); boundary corrected against the ROM (audit_boundaries.py)
0x080089B0,FUN_080089b0,120,candidate,unknown,Ghidra auto-analysis; boundary and ARM/Thumb mode are provisional; boundary corrected against the ROM (audit_boundaries.py)
0x08008A28,FUN_08008a28,350,candidate,unknown,Ghidra auto-analysis; boundary and ARM/Thumb mode are provisional; boundary corrected against the ROM (audit_boundaries.py)
0x08008B88,FUN_08008b88,104,candidate,unknown,Ghidra auto-analysis; boundary and ARM/Thumb mode are provisional; boundary corrected against the ROM (audit_boundaries.py)
0x08008BF4,FUN_08008bf4,64,candidate,unknown,Ghidra auto-analysis; boundary and ARM/Thumb mode are provisional; boundary corrected against the ROM (audit_boundaries.py)
0x08008C34,FUN_08008c34,40,candidate,unknown,Ghidra auto-analysis; boundary and ARM/Thumb mode are provisional
0x08008C5C,FUN_08008c5c,108,discovered,unknown,"missed by Ghidra; found with tools/discover_functions.py, body not yet reviewed"
0x08008CC8,FUN_08008cc8,72,discovered,unknown,"missed by Ghidra; found with tools/discover_functions.py, body not yet reviewed; boundary corrected against the ROM (audit_boundaries.py)"
0x08008D10,FUN_08008d10,112,discovered,unknown,"missed by Ghidra; found with tools/discover_functions.py, body not yet reviewed; boundary corrected against the ROM (audit_boundaries.py)"
0x08008D80,FUN_08008d80,100,discovered,unknown,"missed by Ghidra; found with tools/discover_functions.py, body not yet reviewed; boundary corrected against the ROM (audit_boundaries.py)"
0x08008DE4,FUN_08008de4,132,discovered,unknown,"missed by Ghidra; found with tools/discover_functions.py, body not yet reviewed; boundary corrected against the ROM (audit_boundaries.py)"
0x08008E68,FUN_08008e68,172,candidate,unknown,Ghidra auto-analysis; boundary and ARM/Thumb mode are provisional; boundary corrected against the ROM (audit_boundaries.py)
0x08008F14,FUN_08008f14,96,candidate,unknown,Ghidra auto-analysis; boundary and ARM/Thumb mode are provisional; boundary corrected against the ROM (audit_boundaries.py)
0x08008F74,FUN_08008f74,776,candidate,unknown,Ghidra auto-analysis; boundary and ARM/Thumb mode are provisional; boundary corrected against the ROM (audit_boundaries.py); boundary corrected against the ROM (audit_boundaries.py)
0x0800932C,FUN_0800932c,2252,discovered,unknown,"missed by Ghidra; tools/discover_functions.py function pointer, body not yet reviewed; size 2246->2230 (shortened to the real call target); boundary verified by the 2026-09-04 ROM flow review; boundary corrected against the ROM (audit_boundaries.py)"
0x08009BF8,FUN_08009bf8,2188,candidate,unknown,Ghidra auto-analysis; boundary and ARM/Thumb mode are provisional; boundary verified by the 2026-09-04 ROM flow review; boundary corrected against the ROM (audit_boundaries.py)
0x0800A484,FUN_0800a484,92,candidate,unknown,Ghidra auto-analysis; boundary and ARM/Thumb mode are provisional; boundary corrected against the ROM (audit_boundaries.py); boundary corrected against the ROM (audit_boundaries.py)
0x0800A4E0,FUN_0800a4e0,962,candidate,unknown,Ghidra auto-analysis; boundary and ARM/Thumb mode are provisional; boundary corrected against the ROM (audit_boundaries.py)
0x0800A8A8,BindActorToCoordSlot,136,matching,unknown,verified from a byte-matching C source; boundary and ARM/Thumb mode PROVEN against the ROM
0x0800A930,ReadTriple,28,matching,core,byte-matching from a C source (MATCH-014)
0x0800A94C,SetCoordUnk48,12,matching,misc,Coordinate accessor; src/misc/coord_accessors.c size measured including the tail pool (byte-matching evidence)
0x0800A958,GetCoordPair,16,matching,misc,Coordinate accessor; src/misc/coord_accessors.c size measured including the tail pool (byte-matching evidence)
0x0800A968,SetCoordPair,12,matching,misc,Coordinate accessor; src/misc/coord_accessors.c size measured including the tail pool (byte-matching evidence)
0x0800A974,ClearCoordFlag,12,matching,misc,Coordinate accessor; src/misc/coord_accessors.c size measured including the tail pool (byte-matching evidence)
0x0800A980,ClipBounds,100,matching,core,verified from a byte-matching C source; boundary and ARM/Thumb mode PROVEN against the ROM
0x0800A9E4,UpdateFocusPoint,88,matching,unknown,verified from a byte-matching C source; boundary and ARM/Thumb mode PROVEN against the ROM
0x0800AAD0,GetCoordSecond,12,matching,misc,Coordinate access; src/misc/coord_more.c size measured including the tail pool (byte-matching evidence)
0x0800AADC,SetCoordFlag,12,matching,misc,Coordinate access; src/misc/coord_more.c size measured including the tail pool (byte-matching evidence)
0x0800AAF4,ResetTrackHeading,60,matching,world,verified from a byte-matching C source; ResetTrackHeading; track start angle
0x0800AB30,ClearCoordByte71,16,matching,core,byte-matching from a C source (MATCH-014 batch group 4)
0x0800AB40,FUN_0800ab40,12,discovered,unknown,"missed by Ghidra; tools/discover_functions.py call target (certain), body not yet reviewed; boundary corrected against the ROM (audit_boundaries.py)"
0x0800AB4C,FUN_0800ab4c,20,candidate,unknown,Ghidra auto-analysis; boundary and ARM/Thumb mode are provisional; boundary corrected against the ROM (audit_boundaries.py)
0x0800AB60,FUN_0800ab60,12,candidate,unknown,Ghidra auto-analysis; boundary and ARM/Thumb mode are provisional
0x0800AB6C,FUN_0800ab6c,12,candidate,unknown,Ghidra auto-analysis; boundary and ARM/Thumb mode are provisional
0x0800AB88,BuildVolumePlanes,960,matching,unknown,verified from a byte-matching C source; boundary and ARM/Thumb mode PROVEN against the ROM
0x0800AF48,FUN_0800af48,174,decompiled,world,Converts four plane distances into a bit mask; 166/174 bytes parked; src/world/plane_classify.c
0x0800AFF8,FUN_0800aff8,172,discovered,unknown,"missed by Ghidra; found with tools/discover_functions.py, body not yet reviewed"
0x0800B0A4,FUN_0800b0a4,46,discovered,unknown,"missed by Ghidra; found with tools/discover_functions.py, body not yet reviewed"
0x0800B0D4,FUN_0800b0d4,108,candidate,unknown,Ghidra auto-analysis; boundary and ARM/Thumb mode are provisional; boundary corrected against the ROM (audit_boundaries.py); boundary corrected against the ROM (audit_boundaries.py)
0x0800B140,DotProduct,44,matching,unknown,verified from a byte-matching C source; boundary and ARM/Thumb mode PROVEN against the ROM
0x0800B16C,FUN_0800b16c,280,matching,world,"Point-in-quad test; 0 when outside, otherwise (nearest edge<<8)|1; src/world/band_0800b16c.c"
0x0800B284,FUN_0800b284,758,candidate,unknown,Ghidra auto-analysis; boundary and ARM/Thumb mode are provisional
0x0800B57C,FUN_0800b57c,54,candidate,unknown,Ghidra auto-analysis; boundary and ARM/Thumb mode are provisional
0x0800B5B4,FUN_0800b5b4,134,discovered,unknown,"missed by Ghidra; found with tools/discover_functions.py, body not yet reviewed"
0x0800B63C,FUN_0800b63c,532,candidate,unknown,Ghidra auto-analysis; boundary and ARM/Thumb mode are provisional; boundary corrected against the ROM (audit_boundaries.py)
0x0800B850,FUN_0800b850,336,candidate,unknown,Ghidra auto-analysis; boundary and ARM/Thumb mode are provisional
0x0800B9A0,FUN_0800b9a0,1040,candidate,unknown,Ghidra auto-analysis; boundary and ARM/Thumb mode are provisional
0x0800BDB0,BoxesOverlap,72,matching,unknown,verified from a byte-matching C source; boundary and ARM/Thumb mode PROVEN against the ROM
0x0800BDF8,IsPointInPolygon,198,matching,unknown,verified from a byte-matching C source; boundary and ARM/Thumb mode PROVEN against the ROM
0x0800BEC0,FUN_0800bec0,88,discovered,unknown,"missed by Ghidra; found with tools/discover_functions.py, body not yet reviewed"
0x0800BF18,FindQuadEdgeCrossing,522,matching,unknown,verified from a byte-matching C source; boundary and ARM/Thumb mode PROVEN against the ROM
0x0800C124,FUN_0800c124,16,candidate,unknown,Ghidra auto-analysis; boundary and ARM/Thumb mode are provisional
0x0800C134,FUN_0800c134,74,candidate,unknown,Ghidra auto-analysis; boundary and ARM/Thumb mode are provisional
0x0800C180,FUN_0800c180,320,candidate,unknown,Ghidra auto-analysis; boundary and ARM/Thumb mode are provisional; boundary corrected against the ROM (audit_boundaries.py)
0x0800C4BC,FUN_0800c4bc,402,candidate,unknown,Ghidra auto-analysis; boundary and ARM/Thumb mode are provisional; boundary corrected against the ROM (audit_boundaries.py)
0x0800C650,FUN_0800c650,64,discovered,unknown,"missed by Ghidra; found with tools/discover_functions.py, body not yet reviewed"
0x0800C690,FUN_0800c690,112,candidate,unknown,Ghidra auto-analysis; boundary and ARM/Thumb mode are provisional; boundary corrected against the ROM (audit_boundaries.py)
0x0800C700,FUN_0800c700,260,candidate,unknown,Ghidra auto-analysis; boundary and ARM/Thumb mode are provisional; boundary corrected against the ROM (audit_boundaries.py); boundary corrected against the ROM (audit_boundaries.py)
0x0800C804,FUN_0800c804,288,candidate,unknown,Ghidra auto-analysis; boundary and ARM/Thumb mode are provisional; boundary corrected against the ROM (audit_boundaries.py)
0x0800C924,FUN_0800c924,86,candidate,unknown,Ghidra auto-analysis; boundary and ARM/Thumb mode are provisional; boundary corrected against the ROM (audit_boundaries.py)
0x0800C97C,FUN_0800c97c,164,candidate,unknown,Ghidra auto-analysis; boundary and ARM/Thumb mode are provisional; boundary corrected against the ROM (audit_boundaries.py); boundary corrected against the ROM (audit_boundaries.py)
0x0800CA20,FUN_0800ca20,88,candidate,unknown,Ghidra auto-analysis; boundary and ARM/Thumb mode are provisional; boundary corrected against the ROM (audit_boundaries.py)
0x0800CA78,GetShiftedEntryValue,32,matching,core,32-byte body and literal pool reproduce ROM bytes 0xCA78-0xCA97 exactly; sentinel in a local so its pool load lands first (rule 70)
0x0800CA98,FUN_0800ca98,70,candidate,unknown,Ghidra auto-analysis; boundary and ARM/Thumb mode are provisional; boundary corrected against the ROM (audit_boundaries.py)
0x0800CAE4,FUN_0800cae4,32,candidate,unknown,Ghidra auto-analysis; boundary and ARM/Thumb mode are provisional; boundary corrected against the ROM (audit_boundaries.py)
0x0800CB08,FUN_0800cb08,348,candidate,unknown,Ghidra auto-analysis; boundary and ARM/Thumb mode are provisional; boundary corrected against the ROM (audit_boundaries.py); boundary corrected against the ROM (audit_boundaries.py)
0x0800CC64,FUN_0800cc64,868,candidate,unknown,Ghidra auto-analysis; boundary and ARM/Thumb mode are provisional; boundary corrected against the ROM (audit_boundaries.py); boundary corrected against the ROM (audit_boundaries.py)
0x0800CFC8,FUN_0800cfc8,334,candidate,unknown,Ghidra auto-analysis; boundary and ARM/Thumb mode are provisional; boundary corrected against the ROM (audit_boundaries.py)
0x0800D118,FUN_0800d118,824,candidate,unknown,Ghidra auto-analysis; boundary and ARM/Thumb mode are provisional; boundary corrected against the ROM (audit_boundaries.py)
0x0800D450,GetNodeBoxDistance,224,matching,unknown,verified from a byte-matching C source; boundary and ARM/Thumb mode PROVEN against the ROM
0x0800D530,SortListByKey,304,matching,unknown,verified from a byte-matching C source; boundary and ARM/Thumb mode PROVEN against the ROM
0x0800D660,FUN_0800d660,676,candidate,unknown,Ghidra auto-analysis; boundary and ARM/Thumb mode are provisional; boundary corrected against the ROM (audit_boundaries.py); boundary corrected against the ROM (audit_boundaries.py)
0x0800D904,FUN_0800d904,604,candidate,unknown,Ghidra auto-analysis; boundary and ARM/Thumb mode are provisional; boundary corrected against the ROM (audit_boundaries.py); boundary corrected against the ROM (audit_boundaries.py)
0x0800DB60,GetRecord16,28,matching,world,verified from a byte-matching C source; GetRecord16; record table access with a 16-byte stride
0x0800DB7C,NoOp0800DB7C,2,matching,unknown,verified from a byte-matching C source; boundary and ARM/Thumb mode PROVEN against the ROM
0x0800DB80,ResetListHead,104,matching,unknown,verified from a byte-matching C source; boundary and ARM/Thumb mode PROVEN against the ROM
0x0800DBE8,ListPushFront,36,matching,world,List operations; src/world/list_ops.c
0x0800DC0C,ListRemove2,56,matching,world,List operations; src/world/list_ops.c size measured including the tail pool (byte-matching evidence)
0x0800DC44,FUN_0800dc44,112,candidate,unknown,Ghidra auto-analysis; boundary and ARM/Thumb mode are provisional; boundary corrected against the ROM (audit_boundaries.py)
0x0800DCB4,BuildEntryTableRows,154,matching,unknown,verified from a byte-matching C source; boundary and ARM/Thumb mode PROVEN against the ROM
0x0800DD50,FUN_0800dd50,52,matching,unknown,verified from a byte-matching C source; boundary and ARM/Thumb mode PROVEN against the ROM; boundary corrected against the ROM (audit_boundaries.py)
0x0800DE5C,FUN_0800de5c,44,discovered,unknown,"missed by Ghidra; found with tools/discover_functions.py, body not yet reviewed"
0x0800DEA4,FUN_0800dea4,112,candidate,unknown,Ghidra auto-analysis; boundary and ARM/Thumb mode are provisional; boundary corrected against the ROM (audit_boundaries.py)
0x0800DF14,FUN_0800df14,1216,candidate,unknown,Ghidra auto-analysis; boundary and ARM/Thumb mode are provisional; boundary corrected against the ROM (audit_boundaries.py); boundary corrected against the ROM (audit_boundaries.py)
0x0800E3D4,FUN_0800e3d4,546,candidate,unknown,Ghidra auto-analysis; boundary and ARM/Thumb mode are provisional; boundary corrected against the ROM (audit_boundaries.py)
0x0800E5F8,FUN_0800e5f8,164,candidate,unknown,Ghidra auto-analysis; boundary and ARM/Thumb mode are provisional; boundary corrected against the ROM (audit_boundaries.py)
0x0800E69C,FUN_0800e69c,246,candidate,unknown,Ghidra auto-analysis; boundary and ARM/Thumb mode are provisional; boundary corrected against the ROM (audit_boundaries.py)
0x0800E794,FUN_0800e794,228,candidate,unknown,Ghidra auto-analysis; boundary and ARM/Thumb mode are provisional; boundary corrected against the ROM (audit_boundaries.py); boundary corrected against the ROM (audit_boundaries.py)
0x0800E878,FUN_0800e878,616,candidate,unknown,Ghidra auto-analysis; boundary and ARM/Thumb mode are provisional; boundary corrected against the ROM (audit_boundaries.py)
0x0800EAE0,FUN_0800eae0,288,candidate,unknown,Ghidra auto-analysis; boundary and ARM/Thumb mode are provisional; boundary corrected against the ROM (audit_boundaries.py); boundary corrected against the ROM (audit_boundaries.py)
0x0800EC00,FUN_0800ec00,672,candidate,unknown,Ghidra auto-analysis; boundary and ARM/Thumb mode are provisional; boundary corrected against the ROM (audit_boundaries.py); boundary corrected against the ROM (audit_boundaries.py)
0x0800EEA0,FUN_0800eea0,4654,candidate,unknown,2026-09-04 Thumb flow review; boundary verified by the single stack frame and the return at 0x080100CC
0x080100D0,InitWorkBuffers,124,matching,core,Allocates two buffers from the 0x02014ED0 base and zeroes the 0x0201AAB0 area with DMA3; src/core/memory_init.c
0x0801014C,FUN_0801014c,76,candidate,unknown,Ghidra auto-analysis; boundary and ARM/Thumb mode are provisional; boundary corrected against the ROM (audit_boundaries.py)
0x08010198,NoOp08010198,2,matching,unknown,verified from a byte-matching C source; boundary and ARM/Thumb mode PROVEN against the ROM
0x0801019C,FUN_0801019c,60,candidate,unknown,Ghidra auto-analysis; boundary and ARM/Thumb mode are provisional; boundary corrected against the ROM (audit_boundaries.py)
0x080101D8,FUN_080101d8,10,matching,world,byte-matching from C (small function harvest)
0x080101E4,NoOp080101E4,2,matching,unknown,verified from a byte-matching C source; boundary and ARM/Thumb mode PROVEN against the ROM
0x080101E8,FUN_080101e8,60,candidate,unknown,Ghidra auto-analysis; boundary and ARM/Thumb mode are provisional
0x08010224,FUN_08010224,48,candidate,unknown,Ghidra auto-analysis; boundary and ARM/Thumb mode are provisional; boundary corrected against the ROM (audit_boundaries.py)
0x08010254,FUN_08010254,620,candidate,unknown,Ghidra auto-analysis; boundary and ARM/Thumb mode are provisional; boundary corrected against the ROM (audit_boundaries.py)
0x080104C0,FUN_080104c0,1074,candidate,unknown,Ghidra auto-analysis; boundary and ARM/Thumb mode are provisional; boundary corrected against the ROM (audit_boundaries.py)
0x080108F4,FUN_080108f4,3394,candidate,unknown,Ghidra auto-analysis; boundary and ARM/Thumb mode are provisional; boundary verified by the 2026-09-04 ROM flow review
0x08011638,FUN_08011638,744,candidate,unknown,Ghidra auto-analysis; boundary and ARM/Thumb mode are provisional; boundary corrected against the ROM (audit_boundaries.py); boundary corrected against the ROM (audit_boundaries.py)
0x08011920,FUN_08011920,240,candidate,unknown,Ghidra auto-analysis; boundary and ARM/Thumb mode are provisional; boundary corrected against the ROM (audit_boundaries.py); boundary corrected against the ROM (audit_boundaries.py)
0x08011A10,FUN_08011a10,252,candidate,unknown,Ghidra auto-analysis; boundary and ARM/Thumb mode are provisional; boundary corrected against the ROM (audit_boundaries.py)
0x08011B0C,FUN_08011b0c,220,candidate,unknown,Ghidra auto-analysis; boundary and ARM/Thumb mode are provisional; boundary corrected against the ROM (audit_boundaries.py)
0x08011BE8,FUN_08011be8,268,discovered,unknown,"missed by Ghidra; found with tools/discover_functions.py, body not yet reviewed; boundary corrected against the ROM (audit_boundaries.py)"
0x08011CF4,FUN_08011cf4,32,candidate,unknown,Ghidra auto-analysis; boundary and ARM/Thumb mode are provisional; boundary corrected against the ROM (audit_boundaries.py)
0x08011D14,FUN_08011d14,36,candidate,unknown,Ghidra auto-analysis; boundary and ARM/Thumb mode are provisional; boundary corrected against the ROM (audit_boundaries.py)
0x08011D38,FUN_08011d38,20,candidate,unknown,Ghidra auto-analysis; boundary and ARM/Thumb mode are provisional; boundary corrected against the ROM (audit_boundaries.py)
0x08011D4C,NoOp08011D4C,2,matching,unknown,verified from a byte-matching C source; boundary and ARM/Thumb mode PROVEN against the ROM
0x08011D50,FUN_08011d50,28,candidate,unknown,Ghidra auto-analysis; boundary and ARM/Thumb mode are provisional; boundary corrected against the ROM (audit_boundaries.py)
0x08011D6C,FUN_08011d6c,4,candidate,unknown,Ghidra auto-analysis; boundary and ARM/Thumb mode are provisional
0x08011D70,FUN_08011d70,100,candidate,unknown,Ghidra auto-analysis; boundary and ARM/Thumb mode are provisional; boundary corrected against the ROM (audit_boundaries.py)
0x08011DD4,FUN_08011dd4,176,decompiled,core,Updates the BG2 affine matrix and reference coordinates; 168/176 bytes parked; src/core/bg2_affine.c
0x08011EC4,FUN_08011ec4,120,candidate,unknown,Ghidra auto-analysis; boundary and ARM/Thumb mode are provisional; boundary corrected against the ROM (audit_boundaries.py); boundary corrected against the ROM (audit_boundaries.py)
0x08011F3C,FUN_08011f3c,112,candidate,unknown,Ghidra auto-analysis; boundary and ARM/Thumb mode are provisional; boundary corrected against the ROM (audit_boundaries.py); boundary corrected against the ROM (audit_boundaries.py)
0x08011FAC,FUN_08011fac,12,candidate,unknown,Ghidra auto-analysis; boundary and ARM/Thumb mode are provisional; boundary corrected against the ROM (audit_boundaries.py)
0x08011FB8,FUN_08011fb8,176,candidate,unknown,Ghidra auto-analysis; boundary and ARM/Thumb mode are provisional; boundary corrected against the ROM (audit_boundaries.py)
0x08012068,FUN_08012068,184,candidate,unknown,Ghidra auto-analysis; boundary and ARM/Thumb mode are provisional; boundary corrected against the ROM (audit_boundaries.py)
0x08012120,FUN_08012120,120,candidate,unknown,Ghidra auto-analysis; boundary and ARM/Thumb mode are provisional; boundary corrected against the ROM (audit_boundaries.py)
0x08012198,FUN_08012198,176,candidate,unknown,Ghidra auto-analysis; boundary and ARM/Thumb mode are provisional; boundary corrected against the ROM (audit_boundaries.py)
0x08012248,FUN_08012248,152,candidate,unknown,Ghidra auto-analysis; boundary and ARM/Thumb mode are provisional; boundary corrected against the ROM (audit_boundaries.py)
0x080122E0,FUN_080122e0,132,candidate,unknown,Ghidra auto-analysis; boundary and ARM/Thumb mode are provisional; boundary corrected against the ROM (audit_boundaries.py)
0x08012364,FUN_08012364,148,candidate,unknown,Ghidra auto-analysis; boundary and ARM/Thumb mode are provisional; boundary corrected against the ROM (audit_boundaries.py)
0x080123F8,FUN_080123f8,136,candidate,unknown,Ghidra auto-analysis; boundary and ARM/Thumb mode are provisional; boundary corrected against the ROM (audit_boundaries.py)
0x08012480,FUN_08012480,132,candidate,unknown,Ghidra auto-analysis; boundary and ARM/Thumb mode are provisional; boundary corrected against the ROM (audit_boundaries.py)
0x08012504,FUN_08012504,64,candidate,unknown,Ghidra auto-analysis; boundary and ARM/Thumb mode are provisional; boundary corrected against the ROM (audit_boundaries.py)
0x08012544,FUN_08012544,52,candidate,unknown,Ghidra auto-analysis; boundary and ARM/Thumb mode are provisional; boundary corrected against the ROM (audit_boundaries.py)
0x08012578,FUN_08012578,18,candidate,unknown,Ghidra auto-analysis; boundary and ARM/Thumb mode are provisional
0x080125B4,FUN_080125b4,56,candidate,unknown,Ghidra auto-analysis; boundary and ARM/Thumb mode are provisional; boundary corrected against the ROM (audit_boundaries.py)
0x080125EC,FUN_080125ec,44,discovered,unknown,"missed by Ghidra; tools/discover_functions.py call target (certain), body not yet reviewed; boundary corrected against the ROM (audit_boundaries.py)"
0x08012618,FUN_08012618,20,candidate,unknown,Ghidra auto-analysis; boundary and ARM/Thumb mode are provisional; boundary corrected against the ROM (audit_boundaries.py)
0x0801262C,FUN_0801262c,100,candidate,unknown,Ghidra auto-analysis; boundary and ARM/Thumb mode are provisional; boundary corrected against the ROM (audit_boundaries.py)
0x08012690,FUN_08012690,84,candidate,unknown,Ghidra auto-analysis; boundary and ARM/Thumb mode are provisional; boundary corrected against the ROM (audit_boundaries.py)
0x080126E4,ConfigureBgControlRegs,108,matching,unknown,verified from a byte-matching C source; boundary and ARM/Thumb mode PROVEN against the ROM
0x08012750,SetupBg0Bg1Menu,80,matching,video,verified from a byte-matching C source; SetupBg0Bg1Menu; menu BG setup
0x080127A0,NoOp080127A0,2,matching,unknown,verified from a byte-matching C source; boundary and ARM/Thumb mode PROVEN against the ROM
0x080127A8,SetupBg0Bg1,84,matching,video,verified from a byte-matching C source; SetupBg0Bg1; DISPCNT/BG0CNT/BG1CNT setup
0x080127FC,List2Init,10,matching,core,List operations; src/core/list_ops2.c
0x08012808,List2PushFront,36,matching,core,List operations; src/core/list_ops2.c
0x0801282C,InsertSorted,106,matching,core,"byte-matching from a C source; ordered doubly linked list insert, three paths + rotated loop"
0x08012898,ListAppend,40,matching,core,Doubly linked list; src/core/linked_list.c
0x080128C0,ListRemove,60,matching,core,Doubly linked list; src/core/linked_list.c
0x080128FC,ListInit,10,matching,core,Doubly linked list; src/core/linked_list.c
0x08012908,ListForEach,28,matching,core,Doubly linked list; src/core/linked_list.c
0x08012924,ListForEachArg,32,matching,core,Doubly linked list; src/core/linked_list.c
0x08012944,ForEachNode,36,matching,core,byte-matching from a C source; callback loop through a pointer
0x08012968,UnlinkToFree,150,matching,unknown,verified from a byte-matching C source; boundary and ARM/Thumb mode PROVEN against the ROM
0x08012A00,SortSpriteList,152,matching,core,Stable insertion sort of the sprite list by attr2 & 0x0C00 and the +6 key; src/core/sort_sprite_list.c
0x08012A98,ForwardToInitNodePool,10,matching,world,byte-matching from C (small function harvest)
0x08012AA4,InitNodePool,124,matching,unknown,verified from a byte-matching C source; boundary and ARM/Thumb mode PROVEN against the ROM
0x08012B20,InitSpritePool,124,matching,core,Builds the free list of 128 nodes; Zeroes 1024 bytes of OAM with DMA3; src/core/init_sprite_pool.c
0x08012B9C,FlushSpriteList,112,matching,core,Writes the active sprite list into OAM and hides the previous frame's surplus slots; src/core/flush_sprite_list.c
0x08012C0C,AllocNode,72,matching,core,Moves the sprite pool's free head to the head of the active list; src/core/alloc_node.c
0x08012C54,SortActiveSprites,32,matching,core,Sorts the active sprite list with interrupts disabled; src/core/sort_active_sprites.c
0x08012C74,InsertSpriteSorted,98,matching,core,Inserts the sprite node in stable order by two keys; src/core/insert_sprite_sorted.c
0x08012CD8,FUN_08012cd8,320,discovered,unknown,"missed by Ghidra; found with tools/discover_functions.py, body not yet reviewed"
0x08012E18,QueueDrawRequestDirect,96,matching,world,verified from a byte-matching C source; QueueDrawRequestDirect; queue write without a pool call
0x08012E78,AllocDrawEntry,272,matching,world,verified from a byte-matching C source; AllocDrawEntry; search/allocation in the draw entry queue
0x08012F88,QueueDrawRequest,136,matching,world,verified from a byte-matching C source; QueueDrawRequest; queues a draw request with a 12-byte stride (find_twins.py)
0x08013010,QueueDrawRequestDup,136,matching,world,verified from a byte-matching C source; QueueDrawRequestDup; the second copy of QueueDrawRequest in the ROM
0x08013098,FUN_08013098,60,candidate,unknown,Ghidra auto-analysis; boundary and ARM/Thumb mode are provisional; boundary corrected against the ROM (audit_boundaries.py)
0x080130D4,ResetDrawQueue,28,matching,world,28-byte body and literal pool reproduce ROM bytes 0x130D4-0x130EF exactly; 0x02022ABC is a separate symbol
0x080130F0,NoOp080130F0,2,matching,world,ROM BL target from 0805131C; bx lr followed by alignment; independently verified gap
0x080130F4,FUN_080130f4,176,candidate,unknown,Ghidra auto-analysis; boundary and ARM/Thumb mode are provisional; boundary corrected against the ROM (audit_boundaries.py); boundary corrected against the ROM (audit_boundaries.py)
0x080131A4,FUN_080131a4,64,candidate,unknown,Ghidra auto-analysis; boundary and ARM/Thumb mode are provisional
0x080131E4,FUN_080131e4,96,discovered,unknown,"missed by Ghidra; found with tools/discover_functions.py, body not yet reviewed"
0x08013244,FUN_08013244,84,discovered,unknown,"missed by Ghidra; found with tools/discover_functions.py, body not yet reviewed; boundary corrected against the ROM (audit_boundaries.py)"
0x08013298,FUN_08013298,112,candidate,unknown,Ghidra auto-analysis; boundary and ARM/Thumb mode are provisional; boundary corrected against the ROM (audit_boundaries.py); boundary corrected against the ROM (audit_boundaries.py)
0x08013308,FUN_08013308,160,candidate,unknown,Ghidra auto-analysis; boundary and ARM/Thumb mode are provisional; boundary corrected against the ROM (audit_boundaries.py); boundary corrected against the ROM (audit_boundaries.py)
0x080133A8,FUN_080133a8,140,candidate,unknown,Ghidra auto-analysis; boundary and ARM/Thumb mode are provisional; boundary corrected against the ROM (audit_boundaries.py)
0x08013434,FUN_08013434,28,candidate,unknown,Ghidra auto-analysis; boundary and ARM/Thumb mode are provisional; boundary corrected against the ROM (audit_boundaries.py)
0x08013450,FUN_08013450,84,matching,unknown,verified from a byte-matching C source; boundary and ARM/Thumb mode PROVEN against the ROM; boundary corrected against the ROM (audit_boundaries.py)
0x080134A4,FUN_080134a4,84,matching,unknown,"missed by Ghidra; tools/discover_functions.py call target (certain), body not yet reviewed; boundary corrected against the ROM (audit_boundaries.py)"
0x080134FC,FUN_080134fc,36,candidate,unknown,Ghidra auto-analysis; boundary and ARM/Thumb mode are provisional; boundary corrected against the ROM (audit_boundaries.py)
0x08013520,FUN_08013520,126,candidate,unknown,Ghidra auto-analysis; boundary and ARM/Thumb mode are provisional; boundary corrected against the ROM (audit_boundaries.py)
0x080135A0,FUN_080135a0,140,candidate,unknown,Ghidra auto-analysis; boundary and ARM/Thumb mode are provisional; boundary corrected against the ROM (audit_boundaries.py); boundary corrected against the ROM (audit_boundaries.py)
0x0801362C,FUN_0801362c,216,candidate,unknown,Ghidra auto-analysis; boundary and ARM/Thumb mode are provisional; boundary corrected against the ROM (audit_boundaries.py); boundary corrected against the ROM (audit_boundaries.py)
0x08013704,FUN_08013704,160,candidate,unknown,Ghidra auto-analysis; boundary and ARM/Thumb mode are provisional; boundary corrected against the ROM (audit_boundaries.py)
0x080137A4,FUN_080137a4,128,candidate,unknown,Ghidra auto-analysis; boundary and ARM/Thumb mode are provisional; boundary corrected against the ROM (audit_boundaries.py)
0x08013824,FUN_08013824,196,candidate,unknown,Ghidra auto-analysis; boundary and ARM/Thumb mode are provisional; boundary corrected against the ROM (audit_boundaries.py)
0x080138E8,FUN_080138e8,10,matching,world,byte-matching from C (small function harvest)
0x080138F4,FUN_080138f4,10,matching,world,byte-matching from C (small function harvest)
0x08013900,FlushPaletteQueue,116,candidate,unknown,Ghidra auto-analysis; boundary and ARM/Thumb mode are provisional; boundary corrected against the ROM (audit_boundaries.py)
0x08013974,GetEntryOrDefault,24,matching,world,List head; src/world/list_head.c
0x0801398C,CountChain,36,matching,world,List head; src/world/list_head.c size measured including the tail pool (byte-matching evidence)
0x080139B0,MarkChain,32,matching,world,List head; src/world/list_head.c size measured including the tail pool (byte-matching evidence)
0x08013A28,SubmitFixed,30,matching,world,DMA flush; src/world/dma_flush.c
0x08013A48,FlushBlock,60,matching,world,DMA flush; src/world/dma_flush.c size measured including the tail pool (byte-matching evidence)
0x08013ABC,ReleaseObject,224,matching,world,"verified from a byte-matching C source; ReleaseObject; removal from the doubly linked object list, releasing the sub-object and the node"
0x08013B9C,FUN_08013b9c,352,candidate,unknown,Ghidra auto-analysis; boundary and ARM/Thumb mode are provisional; boundary corrected against the ROM (audit_boundaries.py)
0x08013CFC,FUN_08013cfc,836,candidate,unknown,Ghidra auto-analysis; boundary and ARM/Thumb mode are provisional; boundary corrected against the ROM (audit_boundaries.py); boundary corrected against the ROM (audit_boundaries.py)
0x08014040,FUN_08014040,200,candidate,unknown,Ghidra auto-analysis; boundary and ARM/Thumb mode are provisional; boundary corrected against the ROM (audit_boundaries.py); boundary corrected against the ROM (audit_boundaries.py)
0x08014108,FUN_08014108,354,candidate,unknown,Ghidra auto-analysis; boundary and ARM/Thumb mode are provisional; boundary corrected against the ROM (audit_boundaries.py)
0x0801426C,FUN_0801426c,296,discovered,unknown,"missed by Ghidra; found with tools/discover_functions.py, body not yet reviewed; boundary corrected against the ROM (audit_boundaries.py)"
0x08014394,FUN_08014394,300,discovered,unknown,"missed by Ghidra; found with tools/discover_functions.py, body not yet reviewed; boundary corrected against the ROM (audit_boundaries.py)"
0x080144C0,FUN_080144c0,552,candidate,unknown,Ghidra auto-analysis; boundary and ARM/Thumb mode are provisional; boundary corrected against the ROM (audit_boundaries.py); boundary corrected against the ROM (audit_boundaries.py)
0x080146E8,FUN_080146e8,204,candidate,unknown,Ghidra auto-analysis; boundary and ARM/Thumb mode are provisional; boundary corrected against the ROM (audit_boundaries.py); boundary corrected against the ROM (audit_boundaries.py)
0x080147B4,FUN_080147b4,108,candidate,unknown,Ghidra auto-analysis; boundary and ARM/Thumb mode are provisional; boundary corrected against the ROM (audit_boundaries.py)
0x08014820,FUN_08014820,144,candidate,unknown,Ghidra auto-analysis; boundary and ARM/Thumb mode are provisional; boundary corrected against the ROM (audit_boundaries.py); boundary corrected against the ROM (audit_boundaries.py)
0x080148B0,FUN_080148b0,1432,candidate,unknown,Ghidra auto-analysis; boundary and ARM/Thumb mode are provisional; boundary corrected against the ROM (audit_boundaries.py); boundary corrected against the ROM (audit_boundaries.py)
0x08014E48,FUN_08014e48,154,decompiled,world,Builds the size-class transition code; 168/154 bytes parked; src/world/transition_code.c
0x08014EE4,FUN_08014ee4,124,candidate,unknown,Ghidra auto-analysis; boundary and ARM/Thumb mode are provisional; boundary corrected against the ROM (audit_boundaries.py)
0x08014FA0,FUN_08014fa0,10,matching,world,byte-matching from C (small function harvest)
0x08014FAC,FUN_08014fac,12,candidate,unknown,Ghidra auto-analysis; boundary and ARM/Thumb mode are provisional; boundary corrected against the ROM (audit_boundaries.py)
0x08014FB8,FUN_08014fb8,12,discovered,unknown,"missed by Ghidra; tools/discover_functions.py call target (certain), body not yet reviewed; boundary corrected against the ROM (audit_boundaries.py)"
0x08014FC4,FUN_08014fc4,56,candidate,unknown,Ghidra auto-analysis; boundary and ARM/Thumb mode are provisional; boundary corrected against the ROM (audit_boundaries.py)
0x08014FFC,FUN_08014ffc,60,candidate,unknown,Ghidra auto-analysis; boundary and ARM/Thumb mode are provisional; boundary corrected against the ROM (audit_boundaries.py)
0x08015038,FUN_08015038,84,candidate,unknown,Ghidra auto-analysis; boundary and ARM/Thumb mode are provisional; boundary corrected against the ROM (audit_boundaries.py)
0x0801508C,FUN_0801508c,40,candidate,unknown,Ghidra auto-analysis; boundary and ARM/Thumb mode are provisional
0x080150B4,FUN_080150b4,26,candidate,unknown,Ghidra auto-analysis; boundary and ARM/Thumb mode are provisional
0x080150D0,FUN_080150d0,64,discovered,unknown,"missed by Ghidra; found with tools/discover_functions.py, body not yet reviewed; boundary corrected against the ROM (audit_boundaries.py)"
0x08015110,FUN_08015110,76,candidate,unknown,Ghidra auto-analysis; boundary and ARM/Thumb mode are provisional; boundary corrected against the ROM (audit_boundaries.py)
0x0801515C,LoadEntryTileData,100,matching,unknown,verified from a byte-matching C source; boundary and ARM/Thumb mode PROVEN against the ROM
0x080151C0,ReleaseEntryResources,124,matching,unknown,verified from a byte-matching C source; boundary and ARM/Thumb mode PROVEN against the ROM
0x0801528C,SelectEntityHandler,588,matching,unknown,verified from a byte-matching C source; boundary and ARM/Thumb mode PROVEN against the ROM
0x080154D8,InitActor,192,matching,world,Entity default state initialization; src/world/actor_init.c size measured including the tail pool (byte-matching evidence)
0x08015598,UpdateActorFrame,544,matching,unknown,verified from a byte-matching C source; boundary and ARM/Thumb mode PROVEN against the ROM
0x080157B8,TryLaunchActor,124,matching,world,verified from a byte-matching C source; TryLaunchActor; launch trigger with a countdown
0x08015834,UpdateActorSlotEntry,362,candidate,unknown,Ghidra auto-analysis; boundary and ARM/Thumb mode are provisional; boundary corrected against the ROM (audit_boundaries.py)
0x080159A0,UpdateActorLane,228,matching,world,verified from a byte-matching C source; UpdateActorLane; 2-bit strip field update
0x08015A84,FUN_08015a84,114,candidate,unknown,Ghidra auto-analysis; boundary and ARM/Thumb mode are provisional
0x08015AF8,FUN_08015af8,3054,candidate,unknown,Ghidra auto-analysis; boundary and ARM/Thumb mode are provisional; boundary verified by the 2026-09-04 ROM flow review
0x080166E8,IsAnyActorNearby,128,matching,unknown,verified from a byte-matching C source; boundary and ARM/Thumb mode PROVEN against the ROM
0x08016768,ResetActor,160,matching,unknown,verified from a byte-matching C source; boundary and ARM/Thumb mode PROVEN against the ROM
0x08016808,ReleaseActorEntries,98,matching,world,verified from a byte-matching C source; ReleaseActorEntries; releases four entries and the object
0x0801686C,RequestActorAction,292,matching,unknown,verified from a byte-matching C source; boundary and ARM/Thumb mode PROVEN against the ROM
0x08016990,FUN_08016990,2318,candidate,unknown,Ghidra auto-analysis; boundary and ARM/Thumb mode are provisional; boundary verified by the 2026-09-04 ROM flow review
0x080172A0,FUN_080172a0,606,discovered,unknown,"missed by Ghidra; found with tools/discover_functions.py, body not yet reviewed"
0x08017500,GetFacingTarget,148,matching,world,verified from a byte-matching C source; GetFacingTarget; returns the target inside the view cone (find_twins.py)
0x08017594,GetFacingTargetDup,148,matching,world,verified from a byte-matching C source; GetFacingTargetDup; the second copy of GetFacingTarget in the ROM
0x08017628,FUN_08017628,1536,discovered,unknown,"missed by Ghidra; found with tools/discover_functions.py, body not yet reviewed"
0x08017C28,DispatchActorBehavior,336,discovered,unknown,"missed by Ghidra; found with tools/discover_functions.py, body not yet reviewed"
0x08017D78,FlagsToAngle,194,matching,world,verified from a byte-matching C source; FlagsToAngle; 8.24 angle from the heading flags
0x08017E3C,StepActorBehaviorB3,312,matching,world,verified from a byte-matching C source; StepActorBehaviorB3; template of the 12-member behaviour family (find_twins.py)
0x08017F74,StepActorBehavior136,272,matching,world,verified from a byte-matching C source; StepActorBehavior136; the 272-byte member of the family
0x08018084,StepActorBehavior155,272,matching,world,verified from a byte-matching C source; StepActorBehavior155; the 272-byte member of the family
0x08018194,StepActorBehavior139,272,matching,world,verified from a byte-matching C source; StepActorBehavior139; the 272-byte member of the family
0x080182A4,StepActorBehavior142,272,matching,world,verified from a byte-matching C source; StepActorBehavior142; the 272-byte member of the family
0x080183B4,StepActorBehavior149,272,matching,world,verified from a byte-matching C source; StepActorBehavior149; the 272-byte member of the family
0x080184C4,StepActorBehavior152,272,matching,world,verified from a byte-matching C source; StepActorBehavior152; the 272-byte member of the family
0x080185D4,StepActorBehavior146,272,matching,world,verified from a byte-matching C source; StepActorBehavior146; the 272-byte member of the family
0x080186E4,StepActorBehaviorB4a,312,matching,world,verified from a byte-matching C source; StepActorBehaviorB4a; the 312-byte member of the family
0x0801881C,StepActorBehaviorB4b,312,matching,world,verified from a byte-matching C source; StepActorBehaviorB4b; the 312-byte member of the family
0x08018954,StepActorBehavior130,272,matching,world,verified from a byte-matching C source; StepActorBehavior130; the 272-byte member of the family
0x08018A64,StepActorBehavior133,272,matching,world,verified from a byte-matching C source; StepActorBehavior133; the 272-byte member of the family
0x08018B74,FUN_08018b74,996,discovered,unknown,"missed by Ghidra; found with tools/discover_functions.py, body not yet reviewed; boundary corrected against the ROM (audit_boundaries.py)"
0x08018F58,FUN_08018f58,312,candidate,unknown,Ghidra auto-analysis; boundary and ARM/Thumb mode are provisional; boundary corrected against the ROM (audit_boundaries.py)
0x08019090,FUN_08019090,464,candidate,unknown,Ghidra auto-analysis; boundary and ARM/Thumb mode are provisional; boundary corrected against the ROM (audit_boundaries.py); boundary corrected against the ROM (audit_boundaries.py)
0x08019260,FUN_08019260,192,discovered,unknown,"missed by Ghidra; tools/discover_functions.py call target (certain), body not yet reviewed; boundary corrected against the ROM (audit_boundaries.py)"
0x08019320,FUN_08019320,164,candidate,unknown,Ghidra auto-analysis; boundary and ARM/Thumb mode are provisional; boundary corrected against the ROM (audit_boundaries.py)
0x080193C4,GetActorRouteEntry,138,matching,world,verified from a byte-matching C source; GetActorRouteEntry; step value from the route set
0x08019450,IsActorMarked,20,matching,world,Entity check; src/world/actor_control.c
0x08019464,NotifyActor,44,matching,world,Entity check; src/world/actor_control.c
0x08019490,ReleaseActorRefs,34,matching,world,Entity check; src/world/actor_control.c
0x080194B4,ResolveActorExtra,64,matching,world,Entity check; src/world/actor_control.c
0x080194F4,ActivateActor,28,matching,world,Entity check; src/world/actor_control.c
0x08019510,IsActorBusy,26,matching,world,Entity check; src/world/actor_control.c
0x0801952C,ResolveActorDesc,100,matching,world,verified from a byte-matching C source; ResolveActorDesc; resolves the actor definition from the gRom08BD3448 root
0x08019590,FUN_08019590,98,candidate,unknown,Ghidra auto-analysis; boundary and ARM/Thumb mode are provisional; boundary corrected against the ROM (audit_boundaries.py)
0x080195F4,EitherInRange,44,matching,unknown,verified from a byte-matching C source; boundary and ARM/Thumb mode PROVEN against the ROM
0x08019620,ActorIdMatches,80,matching,world,verified from a byte-matching C source; ActorIdMatches; id / alias mapping query
0x08019670,ScaleByMode,42,matching,world,Object state query; src/world/object_state.c
0x0801969C,ReleaseObjectSlot,42,matching,world,Object state query; src/world/object_state.c
0x080196C8,IsObjectReadyA,36,matching,world,Object state query; src/world/object_state.c
0x080196EC,IsObjectReadyB,36,matching,world,Object state query; src/world/object_state.c
0x08019710,PingOtherActors,140,matching,world,verified from a byte-matching C source; PingOtherActors; notifies FUN_08037d98 on two lists
0x0801979C,FinishActorState,96,matching,world,verified from a byte-matching C source; FinishActorState; ends the state and moves it to 0x7FFF
0x080197FC,NoOp080197FC,2,matching,unknown,verified from a byte-matching C source; boundary and ARM/Thumb mode PROVEN against the ROM
0x08019800,FUN_08019800,26,candidate,unknown,Ghidra auto-analysis; boundary and ARM/Thumb mode are provisional
0x0801981C,FUN_0801981c,32,discovered,unknown,"missed by Ghidra; tools/discover_functions.py call target (certain), body not yet reviewed; boundary corrected against the ROM (audit_boundaries.py)"
0x0801983C,FUN_0801983c,168,candidate,unknown,Ghidra auto-analysis; boundary and ARM/Thumb mode are provisional; boundary corrected against the ROM (audit_boundaries.py)
0x080198E4,FUN_080198e4,104,candidate,unknown,Ghidra auto-analysis; boundary and ARM/Thumb mode are provisional
0x0801994C,FUN_0801994c,112,candidate,unknown,Ghidra auto-analysis; boundary and ARM/Thumb mode are provisional
0x080199BC,BlendPaletteBlock,134,matching,world,Blends sixteen BGR555 colours with a 16.16 coefficient; src/world/palette_lerp.c
0x08019A64,FUN_08019a64,26,candidate,unknown,Ghidra auto-analysis; boundary and ARM/Thumb mode are provisional
0x08019A80,FUN_08019a80,76,candidate,unknown,Ghidra auto-analysis; boundary and ARM/Thumb mode are provisional
0x08019B08,IsActorUsable,52,matching,world,Actor state; src/world/actor_check.c
0x08019B3C,GetAngleField,30,matching,world,Actor state; src/world/actor_check.c
0x08019B5C,FUN_08019b5c,112,candidate,unknown,Ghidra auto-analysis; boundary and ARM/Thumb mode are provisional; boundary corrected against the ROM (audit_boundaries.py)
0x08019BCC,FUN_08019bcc,54,candidate,unknown,Ghidra auto-analysis; boundary and ARM/Thumb mode are provisional; boundary corrected against the ROM (audit_boundaries.py)
0x08019C04,NoOp08019C04,2,matching,unknown,verified from a byte-matching C source; boundary and ARM/Thumb mode PROVEN against the ROM
0x08019C10,FUN_08019c10,20,candidate,unknown,Ghidra auto-analysis; boundary and ARM/Thumb mode are provisional
0x08019C24,FUN_08019c24,264,candidate,unknown,Ghidra auto-analysis; boundary and ARM/Thumb mode are provisional; boundary corrected against the ROM (audit_boundaries.py)
0x08019D2C,FUN_08019d2c,132,candidate,unknown,Ghidra auto-analysis; boundary and ARM/Thumb mode are provisional; boundary corrected against the ROM (audit_boundaries.py)
0x08019DB0,FUN_08019db0,322,candidate,unknown,Ghidra auto-analysis; boundary and ARM/Thumb mode are provisional; boundary corrected against the ROM (audit_boundaries.py)
0x08019EF4,FUN_08019ef4,414,candidate,unknown,Ghidra auto-analysis; boundary and ARM/Thumb mode are provisional; boundary corrected against the ROM (audit_boundaries.py)
0x0801A094,FUN_0801a094,564,candidate,unknown,Ghidra auto-analysis; boundary and ARM/Thumb mode are provisional; boundary corrected against the ROM (audit_boundaries.py); boundary corrected against the ROM (audit_boundaries.py)
0x0801A2C8,FUN_0801a2c8,140,candidate,unknown,Ghidra auto-analysis; boundary and ARM/Thumb mode are provisional
0x0801A354,FUN_0801a354,522,candidate,unknown,Ghidra auto-analysis; boundary and ARM/Thumb mode are provisional; boundary corrected against the ROM (audit_boundaries.py)
0x0801A560,FUN_0801a560,400,candidate,unknown,Ghidra auto-analysis; boundary and ARM/Thumb mode are provisional; boundary corrected against the ROM (audit_boundaries.py)
0x0801A6F0,FUN_0801a6f0,986,candidate,unknown,Ghidra auto-analysis; boundary and ARM/Thumb mode are provisional; boundary corrected against the ROM (audit_boundaries.py)
0x0801AACC,FUN_0801aacc,1046,candidate,unknown,Ghidra auto-analysis; boundary and ARM/Thumb mode are provisional; boundary verified by the 2026-09-04 ROM flow review
0x0801AEE4,FUN_0801aee4,4476,candidate,unknown,2026-09-04 Thumb flow review; boundary verified by the interior store at 0x0801C04A and the return at 0x0801C05A; boundary corrected against the ROM (audit_boundaries.py)
0x0801C060,FUN_0801c060,1560,candidate,unknown,Ghidra auto-analysis; boundary and ARM/Thumb mode are provisional; boundary corrected against the ROM (audit_boundaries.py); boundary corrected against the ROM (audit_boundaries.py)
0x0801C678,FUN_0801c678,1500,candidate,unknown,Ghidra auto-analysis; boundary and ARM/Thumb mode are provisional; boundary corrected against the ROM (audit_boundaries.py)
0x0801CC54,FUN_0801cc54,1274,candidate,unknown,Ghidra auto-analysis; boundary and ARM/Thumb mode are provisional; boundary corrected against the ROM (audit_boundaries.py)
0x0801D150,FUN_0801d150,560,candidate,unknown,Ghidra auto-analysis; boundary and ARM/Thumb mode are provisional; boundary corrected against the ROM (audit_boundaries.py); boundary corrected against the ROM (audit_boundaries.py)
0x0801D380,FUN_0801d380,980,candidate,unknown,Ghidra auto-analysis; boundary and ARM/Thumb mode are provisional; boundary corrected against the ROM (audit_boundaries.py)
0x0801D754,FUN_0801d754,136,candidate,unknown,Ghidra auto-analysis; boundary and ARM/Thumb mode are provisional; boundary corrected against the ROM (audit_boundaries.py)
0x0801D7DC,SetWindow,32,matching,world,Window setting; src/world/window_config.c size measured including the tail pool (byte-matching evidence)
0x0801D7FC,StoreRam0201AEE8,12,matching,world,Window setting; src/world/window_config.c size measured including the tail pool (byte-matching evidence)
0x0801D818,FUN_0801d818,48,candidate,unknown,Ghidra auto-analysis; boundary and ARM/Thumb mode are provisional
0x0801D848,InitAndMirror,34,matching,world,byte-matching from a C source; complex harvest
0x0801D86C,FUN_0801d86c,24,candidate,unknown,Ghidra auto-analysis; boundary and ARM/Thumb mode are provisional; boundary corrected against the ROM (audit_boundaries.py)
0x0801D8A0,FUN_0801d8a0,6,candidate,unknown,Ghidra auto-analysis; boundary and ARM/Thumb mode are provisional
0x0801D8B0,GetField100,10,matching,world,byte-matching from C (small function harvest)
0x0801D8BC,FUN_0801d8bc,98,candidate,unknown,Ghidra auto-analysis; boundary and ARM/Thumb mode are provisional
0x0801D920,FUN_0801d920,26,candidate,unknown,Ghidra auto-analysis; boundary and ARM/Thumb mode are provisional
0x0801D93C,FUN_0801d93c,84,candidate,unknown,Ghidra auto-analysis; boundary and ARM/Thumb mode are provisional; boundary corrected against the ROM (audit_boundaries.py)
0x0801D990,FUN_0801d990,42,candidate,unknown,Ghidra auto-analysis; boundary and ARM/Thumb mode are provisional
0x0801D9BC,FUN_0801d9bc,128,candidate,unknown,Ghidra auto-analysis; boundary and ARM/Thumb mode are provisional; boundary corrected against the ROM (audit_boundaries.py)
0x0801DA3C,FUN_0801da3c,78,candidate,unknown,Ghidra auto-analysis; boundary and ARM/Thumb mode are provisional
0x0801DA8C,FUN_0801da8c,170,discovered,unknown,"missed by Ghidra; found with tools/discover_functions.py, body not yet reviewed"
0x0801DB3C,FUN_0801db3c,38,discovered,unknown,"missed by Ghidra; found with tools/discover_functions.py, body not yet reviewed"
0x0801DB64,FUN_0801db64,566,discovered,unknown,"missed by Ghidra; found with tools/discover_functions.py, body not yet reviewed"
0x0801DDCC,FUN_0801ddcc,62,candidate,unknown,Ghidra auto-analysis; boundary and ARM/Thumb mode are provisional; boundary corrected against the ROM (audit_boundaries.py)
0x0801DE0C,FUN_0801de0c,442,candidate,unknown,Ghidra auto-analysis; boundary and ARM/Thumb mode are provisional; boundary corrected against the ROM (audit_boundaries.py)
0x0801DFC8,FUN_0801dfc8,1296,candidate,unknown,Ghidra auto-analysis; boundary and ARM/Thumb mode are provisional; boundary corrected against the ROM (audit_boundaries.py)
0x0801E4D8,FUN_0801e4d8,336,candidate,unknown,Ghidra auto-analysis; boundary and ARM/Thumb mode are provisional
0x0801E628,FUN_0801e628,80,candidate,unknown,Ghidra auto-analysis; boundary and ARM/Thumb mode are provisional
0x0801E678,FUN_0801e678,2610,candidate,unknown,Ghidra auto-analysis; boundary and ARM/Thumb mode are provisional; boundary verified by the 2026-09-04 ROM flow review
0x0801F0AC,FUN_0801f0ac,1274,candidate,unknown,Ghidra auto-analysis; boundary and ARM/Thumb mode are provisional; boundary corrected against the ROM (audit_boundaries.py)
0x0801F5A8,FUN_0801f5a8,160,candidate,unknown,Ghidra auto-analysis; boundary and ARM/Thumb mode are provisional
0x0801F648,FUN_0801f648,1332,candidate,unknown,Ghidra auto-analysis; boundary and ARM/Thumb mode are provisional; boundary corrected against the ROM (audit_boundaries.py); boundary corrected against the ROM (audit_boundaries.py)
0x0801FB7C,FUN_0801fb7c,470,candidate,unknown,Ghidra auto-analysis; boundary and ARM/Thumb mode are provisional
0x0801FD54,FUN_0801fd54,446,candidate,unknown,Ghidra auto-analysis; boundary and ARM/Thumb mode are provisional
0x0801FF40,FUN_0801ff40,36,discovered,unknown,"missed by Ghidra; found with tools/discover_functions.py, body not yet reviewed; boundary corrected against the ROM (audit_boundaries.py)"
0x0801FFF0,FUN_0801fff0,64,discovered,unknown,"missed by Ghidra; found with tools/discover_functions.py, body not yet reviewed"
0x08020030,FUN_08020030,78,discovered,unknown,"missed by Ghidra; found with tools/discover_functions.py, body not yet reviewed"
0x08020080,FUN_08020080,236,discovered,unknown,"missed by Ghidra; found with tools/discover_functions.py, body not yet reviewed"
0x0802016C,FUN_0802016c,906,candidate,unknown,Ghidra auto-analysis; boundary and ARM/Thumb mode are provisional; boundary corrected against the ROM (audit_boundaries.py)
0x080204F8,FUN_080204f8,104,discovered,unknown,"missed by Ghidra; found with tools/discover_functions.py, body not yet reviewed"
0x08020560,FUN_08020560,840,candidate,unknown,Ghidra auto-analysis; boundary and ARM/Thumb mode are provisional; boundary corrected against the ROM (audit_boundaries.py)
0x080208A8,FUN_080208a8,500,candidate,unknown,Ghidra auto-analysis; boundary and ARM/Thumb mode are provisional; boundary corrected against the ROM (audit_boundaries.py)
0x08020A9C,FUN_08020a9c,210,decompiled,entity,Ghidra auto-analysis; boundary and ARM/Thumb mode are provisional
0x08020B70,FUN_08020b70,2584,candidate,unknown,Ghidra auto-analysis; boundary and ARM/Thumb mode are provisional; boundary verified by the 2026-09-04 ROM flow review; boundary corrected against the ROM (audit_boundaries.py)
0x08021588,FUN_08021588,18,candidate,unknown,Ghidra auto-analysis; boundary and ARM/Thumb mode are provisional; boundary verified by the 2026-09-04 ROM flow review
0x0802159C,FUN_0802159c,174,candidate,unknown,Ghidra auto-analysis; boundary and ARM/Thumb mode are provisional
0x0802164C,FUN_0802164c,160,candidate,unknown,Ghidra auto-analysis; boundary and ARM/Thumb mode are provisional; boundary corrected against the ROM (audit_boundaries.py)
0x080216EC,FUN_080216ec,360,candidate,unknown,Ghidra auto-analysis; boundary and ARM/Thumb mode are provisional; boundary corrected against the ROM (audit_boundaries.py)
0x08021854,FUN_08021854,98,candidate,unknown,Ghidra auto-analysis; boundary and ARM/Thumb mode are provisional
0x080218B8,FUN_080218b8,88,discovered,unknown,"missed by Ghidra; found with tools/discover_functions.py, body not yet reviewed"
0x08021914,FUN_08021914,82,candidate,unknown,Ghidra auto-analysis; boundary and ARM/Thumb mode are provisional
0x08021968,FUN_08021968,152,candidate,unknown,Ghidra auto-analysis; boundary and ARM/Thumb mode are provisional; boundary corrected against the ROM (audit_boundaries.py)
0x08021A00,FUN_08021a00,1496,candidate,unknown,Ghidra auto-analysis; boundary and ARM/Thumb mode are provisional; boundary corrected against the ROM (audit_boundaries.py); boundary corrected against the ROM (audit_boundaries.py)
0x08021FD8,FUN_08021fd8,1010,candidate,unknown,Ghidra auto-analysis; boundary and ARM/Thumb mode are provisional; boundary corrected against the ROM (audit_boundaries.py)
0x080223CC,FUN_080223cc,2160,discovered,unknown,"missed by Ghidra; tools/discover_functions.py call target (certain), body not yet reviewed; boundary verified by the 2026-09-04 ROM flow review; boundary corrected against the ROM (audit_boundaries.py)"
0x08022C3C,FUN_08022c3c,392,candidate,unknown,Ghidra auto-analysis; boundary and ARM/Thumb mode are provisional; boundary corrected against the ROM (audit_boundaries.py); boundary corrected against the ROM (audit_boundaries.py)
0x08022DC4,FUN_08022dc4,668,candidate,unknown,Ghidra auto-analysis; boundary and ARM/Thumb mode are provisional; boundary corrected against the ROM (audit_boundaries.py); boundary corrected against the ROM (audit_boundaries.py)
0x08023060,FUN_08023060,206,candidate,unknown,Ghidra auto-analysis; boundary and ARM/Thumb mode are provisional
0x08023130,FUN_08023130,602,candidate,unknown,Ghidra auto-analysis; boundary and ARM/Thumb mode are provisional; boundary corrected against the ROM (audit_boundaries.py)
0x0802338C,FUN_0802338c,574,candidate,unknown,Ghidra auto-analysis; boundary and ARM/Thumb mode are provisional; boundary corrected against the ROM (audit_boundaries.py)
0x080235CC,FUN_080235cc,124,candidate,unknown,Ghidra auto-analysis; boundary and ARM/Thumb mode are provisional; boundary corrected against the ROM (audit_boundaries.py)
0x08023648,FUN_08023648,12,discovered,unknown,"missed by Ghidra; found with tools/discover_functions.py, body not yet reviewed"
0x08023654,FUN_08023654,12,discovered,unknown,"missed by Ghidra; found with tools/discover_functions.py, body not yet reviewed"
0x08023660,FUN_08023660,44,candidate,unknown,Ghidra auto-analysis; boundary and ARM/Thumb mode are provisional; boundary corrected against the ROM (audit_boundaries.py)
0x0802368C,FUN_0802368c,100,candidate,unknown,Ghidra auto-analysis; boundary and ARM/Thumb mode are provisional
0x080236F0,FUN_080236f0,98,candidate,unknown,Ghidra auto-analysis; boundary and ARM/Thumb mode are provisional; boundary corrected against the ROM (audit_boundaries.py)
0x08023754,FUN_08023754,36,discovered,unknown,"missed by Ghidra; found with tools/discover_functions.py, body not yet reviewed"
0x08023778,FUN_08023778,26,matching,unknown,"missed by Ghidra; found with tools/discover_functions.py, body not yet reviewed"
0x08023794,FUN_08023794,26,matching,unknown,"missed by Ghidra; found with tools/discover_functions.py, body not yet reviewed"
0x080237B0,FUN_080237b0,184,discovered,unknown,"missed by Ghidra; found with tools/discover_functions.py, body not yet reviewed; boundary corrected against the ROM (audit_boundaries.py)"
0x08023868,ProjectActorOffset,196,matching,world,verified from a byte-matching C source; ProjectActorOffset; projects the drift onto the heading axis
0x0802392C,ClearRam0202370C,12,matching,world,Double indexing; src/world/pair_lookup.c size measured including the tail pool (byte-matching evidence)
0x08023938,PairIndex,60,matching,world,Double indexing; src/world/pair_lookup.c
0x08023974,StepDecay,152,matching,unknown,verified from a byte-matching C source; boundary and ARM/Thumb mode PROVEN against the ROM
0x08023A0C,ApplyThreshold,52,matching,world,Band calculator; src/world/threshold.c size measured including the tail pool (byte-matching evidence)
0x08023A40,ResetMeter,10,matching,world,Band calculator; src/world/threshold.c
0x08023A4C,SetToMax,10,matching,world,Band calculator; src/world/threshold.c
0x08023A58,ReloadMeter,16,matching,world,Band calculator; src/world/threshold.c
0x08023A80,MaskedDiffers,28,matching,world,byte-matching from a C source (MATCH-014 batch group)
0x08023AA0,ShiftRowsRight,130,matching,unknown,verified from a byte-matching C source; boundary and ARM/Thumb mode PROVEN against the ROM
0x08023B24,ShiftColumnsDown,148,matching,unknown,missed by Ghidra; found with tools/discover_functions.py. Body RESOLVED and a byte-matching C source exists
0x08023BB8,ShiftRowsLeft,132,matching,unknown,missed by Ghidra; found with tools/discover_functions.py. Body RESOLVED and a byte-matching C source exists
0x08023C3C,ShiftColumnsUp,134,matching,unknown,missed by Ghidra; found with tools/discover_functions.py. Body RESOLVED and a byte-matching C source exists
0x08023CC4,ClearEntryTables,300,matching,unknown,verified from a byte-matching C source; boundary and ARM/Thumb mode PROVEN against the ROM
0x08023DF0,FUN_08023df0,596,candidate,unknown,Ghidra auto-analysis; boundary and ARM/Thumb mode are provisional; boundary corrected against the ROM (audit_boundaries.py)
0x08024044,GetStateValue,328,candidate,unknown,Ghidra auto-analysis; boundary and ARM/Thumb mode are provisional; boundary corrected against the ROM (audit_boundaries.py)
0x0802418C,FUN_0802418c,2150,candidate,unknown,Ghidra auto-analysis; boundary and ARM/Thumb mode are provisional; boundary corrected against the ROM (audit_boundaries.py)
0x080249F4,FUN_080249f4,740,candidate,unknown,Ghidra auto-analysis; boundary and ARM/Thumb mode are provisional; boundary corrected against the ROM (audit_boundaries.py); boundary corrected against the ROM (audit_boundaries.py)
0x08024CD8,FUN_08024cd8,1640,candidate,unknown,Ghidra auto-analysis; boundary and ARM/Thumb mode are provisional; boundary corrected against the ROM (audit_boundaries.py)
0x08025340,MoveActorAlongAngle,228,matching,unknown,verified from a byte-matching C source; boundary and ARM/Thumb mode PROVEN against the ROM
0x08025424,CreateEntryFromTemplate,242,matching,unknown,verified from a byte-matching C source; boundary and ARM/Thumb mode PROVEN against the ROM
0x08025518,StepEntryPhase,458,matching,unknown,verified from a byte-matching C source; boundary and ARM/Thumb mode PROVEN against the ROM
0x080256E4,FUN_080256e4,1330,candidate,unknown,Ghidra auto-analysis; boundary and ARM/Thumb mode are provisional; boundary corrected against the ROM (audit_boundaries.py)
0x08025C18,FUN_08025c18,162,discovered,unknown,"missed by Ghidra; found with tools/discover_functions.py, body not yet reviewed"
0x08025CBC,FUN_08025cbc,536,candidate,unknown,Ghidra auto-analysis; boundary and ARM/Thumb mode are provisional; boundary corrected against the ROM (audit_boundaries.py)
0x08025ED4,FUN_08025ed4,116,candidate,unknown,Ghidra auto-analysis; boundary and ARM/Thumb mode are provisional; boundary corrected against the ROM (audit_boundaries.py)
0x08025F48,FUN_08025f48,118,candidate,unknown,Ghidra auto-analysis; boundary and ARM/Thumb mode are provisional; boundary corrected against the ROM (audit_boundaries.py)
0x08025FC0,FUN_08025fc0,116,matching,unknown,verified from a byte-matching C source; boundary and ARM/Thumb mode PROVEN against the ROM; boundary corrected against the ROM (audit_boundaries.py)
0x08026034,FUN_08026034,116,matching,unknown,verified from a byte-matching C source; boundary and ARM/Thumb mode PROVEN against the ROM; boundary corrected against the ROM (audit_boundaries.py)
0x080260A8,FUN_080260a8,1518,candidate,unknown,Ghidra auto-analysis; boundary and ARM/Thumb mode are provisional; boundary corrected against the ROM (audit_boundaries.py)
0x08026698,FUN_08026698,318,candidate,unknown,Ghidra auto-analysis; boundary and ARM/Thumb mode are provisional; boundary corrected against the ROM (audit_boundaries.py)
0x080267D8,FUN_080267d8,710,candidate,unknown,Ghidra auto-analysis; boundary and ARM/Thumb mode are provisional; boundary corrected against the ROM (audit_boundaries.py)
0x08026AA0,FUN_08026aa0,212,candidate,unknown,Ghidra auto-analysis; boundary and ARM/Thumb mode are provisional; boundary corrected against the ROM (audit_boundaries.py); boundary corrected against the ROM (audit_boundaries.py)
0x08026B74,FUN_08026b74,280,candidate,unknown,Ghidra auto-analysis; boundary and ARM/Thumb mode are provisional; boundary corrected against the ROM (audit_boundaries.py); boundary corrected against the ROM (audit_boundaries.py)
0x08026C8C,FUN_08026c8c,152,candidate,unknown,Ghidra auto-analysis; boundary and ARM/Thumb mode are provisional; boundary corrected against the ROM (audit_boundaries.py)
0x08026D24,FUN_08026d24,120,candidate,unknown,Ghidra auto-analysis; boundary and ARM/Thumb mode are provisional; boundary corrected against the ROM (audit_boundaries.py)
0x08026D9C,FUN_08026d9c,104,candidate,unknown,Ghidra auto-analysis; boundary and ARM/Thumb mode are provisional; boundary corrected against the ROM (audit_boundaries.py)
0x08026E04,FUN_08026e04,356,candidate,unknown,Ghidra auto-analysis; boundary and ARM/Thumb mode are provisional; boundary corrected against the ROM (audit_boundaries.py); boundary corrected against the ROM (audit_boundaries.py)
0x08026F68,FUN_08026f68,190,candidate,unknown,Ghidra auto-analysis; boundary and ARM/Thumb mode are provisional; boundary corrected against the ROM (audit_boundaries.py)
0x08027028,FUN_08027028,296,discovered,unknown,"missed by Ghidra; found with tools/discover_functions.py, body not yet reviewed; boundary corrected against the ROM (audit_boundaries.py)"
0x08027150,FUN_08027150,374,candidate,unknown,Ghidra auto-analysis; boundary and ARM/Thumb mode are provisional; boundary corrected against the ROM (audit_boundaries.py)
0x080272C8,FUN_080272c8,638,candidate,unknown,Ghidra auto-analysis; boundary and ARM/Thumb mode are provisional; boundary corrected against the ROM (audit_boundaries.py)
0x08027548,FUN_08027548,354,candidate,unknown,Ghidra auto-analysis; boundary and ARM/Thumb mode are provisional; boundary corrected against the ROM (audit_boundaries.py)
0x080276AC,FUN_080276ac,516,candidate,unknown,Ghidra auto-analysis; boundary and ARM/Thumb mode are provisional; boundary corrected against the ROM (audit_boundaries.py); boundary corrected against the ROM (audit_boundaries.py)
0x080278B0,FUN_080278b0,566,candidate,unknown,Ghidra auto-analysis; boundary and ARM/Thumb mode are provisional; boundary corrected against the ROM (audit_boundaries.py)
0x08027AE8,FUN_08027ae8,532,candidate,unknown,Ghidra auto-analysis; boundary and ARM/Thumb mode are provisional; boundary corrected against the ROM (audit_boundaries.py)
0x08027CFC,FUN_08027cfc,220,candidate,unknown,Ghidra auto-analysis; boundary and ARM/Thumb mode are provisional; boundary corrected against the ROM (audit_boundaries.py)
0x08027DD8,FUN_08027dd8,366,candidate,unknown,Ghidra auto-analysis; boundary and ARM/Thumb mode are provisional; boundary corrected against the ROM (audit_boundaries.py)
0x08027F48,FUN_08027f48,204,candidate,unknown,Ghidra auto-analysis; boundary and ARM/Thumb mode are provisional; boundary corrected against the ROM (audit_boundaries.py); boundary corrected against the ROM (audit_boundaries.py)
0x08028014,FUN_08028014,304,candidate,unknown,Ghidra auto-analysis; boundary and ARM/Thumb mode are provisional; boundary corrected against the ROM (audit_boundaries.py); boundary corrected against the ROM (audit_boundaries.py)
0x08028144,FUN_08028144,374,candidate,unknown,Ghidra auto-analysis; boundary and ARM/Thumb mode are provisional; boundary corrected against the ROM (audit_boundaries.py)
0x080282BC,FUN_080282bc,252,candidate,unknown,Ghidra auto-analysis; boundary and ARM/Thumb mode are provisional; boundary corrected against the ROM (audit_boundaries.py)
0x080283B8,FUN_080283b8,278,candidate,unknown,Ghidra auto-analysis; boundary and ARM/Thumb mode are provisional; boundary corrected against the ROM (audit_boundaries.py)
0x080284D0,FUN_080284d0,132,candidate,unknown,Ghidra auto-analysis; boundary and ARM/Thumb mode are provisional
0x08028554,FUN_08028554,830,candidate,unknown,Ghidra auto-analysis; boundary and ARM/Thumb mode are provisional; boundary corrected against the ROM (audit_boundaries.py)
0x08028894,SpawnEntryFromSource,280,matching,unknown,verified from a byte-matching C source; boundary and ARM/Thumb mode PROVEN against the ROM
0x080289B4,NoOp080289B4,2,matching,unknown,verified from a byte-matching C source; boundary and ARM/Thumb mode PROVEN against the ROM
0x080289B8,NoOp080289B8,2,matching,unknown,verified from a byte-matching C source; boundary and ARM/Thumb mode PROVEN against the ROM
0x080289BC,AdvanceEntryFrame,204,matching,unknown,verified from a byte-matching C source; boundary and ARM/Thumb mode PROVEN against the ROM
0x08028A88,CreateEntry,162,matching,unknown,verified from a byte-matching C source; boundary and ARM/Thumb mode PROVEN against the ROM
0x08028B2C,ReleaseEntryB,56,matching,world,verified from a byte-matching C source; ReleaseEntryB; releases an entry in the gRam02024350 pool
0x08028B64,ReleaseEntryC,56,matching,world,verified from a byte-matching C source; ReleaseEntryC; releases an entry in the gRam020245B0 pool
0x08028B9C,SpawnEntryFromTable,172,matching,unknown,missed by Ghidra; found with tools/discover_functions.py. Body RESOLVED and a byte-matching C source exists
0x08028C48,IsEntryActive,32,matching,world,Table entry; src/world/table_entries.c
0x08028C68,ReleaseEntry,64,matching,world,Table entry; src/world/table_entries.c
0x08028CA8,ClearEntry,64,matching,world,Table entry; src/world/table_entries.c
0x08028CE8,SpawnAtSlot,92,matching,world,verified from a byte-matching C source; SpawnAtSlot; wrapper around FUN_08024cd8
0x08028D44,StepEntryTimer,128,matching,unknown,verified from a byte-matching C source; boundary and ARM/Thumb mode PROVEN against the ROM
0x08028DC4,ReleaseEntryD,48,matching,world,verified from a byte-matching C source; ReleaseEntryD; releases an entry in the gRam02023710 pool
0x08028DF4,HasActiveEntryOfKind,70,matching,unknown,verified from a byte-matching C source; boundary and ARM/Thumb mode PROVEN against the ROM
0x08028E3C,HasWantedEntry,48,matching,world,scan of the 14-entry active kind table; src/world/kind_scan.c
0x08028E6C,FrameChain,26,matching,world,Entry scanner + frame chain; src/world/kind_scan.c
0x08028E88,FUN_08028e88,26,discovered,unknown,"missed by Ghidra; found with tools/discover_functions.py, body not yet reviewed"
0x08028EA4,FUN_08028ea4,26,discovered,unknown,"missed by Ghidra; found with tools/discover_functions.py, body not yet reviewed"
0x08028EC0,FUN_08028ec0,52,candidate,unknown,Ghidra auto-analysis; boundary and ARM/Thumb mode are provisional; boundary corrected against the ROM (audit_boundaries.py)
0x08028EF4,FUN_08028ef4,88,candidate,unknown,Ghidra auto-analysis; boundary and ARM/Thumb mode are provisional; boundary corrected against the ROM (audit_boundaries.py)
0x08028F4C,FindEntryByOwnerState,76,matching,unknown,verified from a byte-matching C source; boundary and ARM/Thumb mode PROVEN against the ROM
0x08028F98,FUN_08028f98,32,candidate,unknown,Ghidra auto-analysis; boundary and ARM/Thumb mode are provisional; boundary corrected against the ROM (audit_boundaries.py)
0x08028FB8,FUN_08028fb8,68,candidate,unknown,Ghidra auto-analysis; boundary and ARM/Thumb mode are provisional
0x08028FFC,GetNegatedNested,24,matching,world,Chain + scan; src/world/scan_active.c
0x08029014,ProcessFirstEntry,62,matching,world,Processes only table entry number 0; src/world/scan_all.c
0x08029058,FUN_08029058,48,discovered,unknown,"missed by Ghidra; found with tools/discover_functions.py, body not yet reviewed"
0x08029088,FUN_08029088,108,candidate,unknown,Ghidra auto-analysis; boundary and ARM/Thumb mode are provisional; boundary corrected against the ROM (audit_boundaries.py)
0x080290F4,FUN_080290f4,60,candidate,unknown,Ghidra auto-analysis; boundary and ARM/Thumb mode are provisional; boundary corrected against the ROM (audit_boundaries.py)
0x08029130,FUN_08029130,44,candidate,unknown,Ghidra auto-analysis; boundary and ARM/Thumb mode are provisional
0x0802915C,FUN_0802915c,92,candidate,unknown,Ghidra auto-analysis; boundary and ARM/Thumb mode are provisional; boundary corrected against the ROM (audit_boundaries.py)
0x080291B8,SpawnFollowupEntry,120,matching,unknown,verified from a byte-matching C source; boundary and ARM/Thumb mode PROVEN against the ROM
0x08029244,FindEntryByQuad,86,matching,unknown,verified from a byte-matching C source; boundary and ARM/Thumb mode PROVEN against the ROM
0x0802929C,RefreshEntryTimerByQuad,80,matching,unknown,missed by Ghidra; found with tools/discover_functions.py. Body RESOLVED and a byte-matching C source exists; boundary corrected against the ROM (audit_boundaries.py)
0x08029374,IsEntryStateOne,28,matching,world,"28-byte body and literal pool reproduce ROM bytes 0x29374-0x2938F exactly; rule 48 result variable, element address as its own statement"
0x08029390,SetActorOffsetFromRecord,104,matching,unknown,verified from a byte-matching C source; boundary and ARM/Thumb mode PROVEN against the ROM
0x080293F8,PlaceActorFromRecords,186,matching,unknown,missed by Ghidra; found with tools/discover_functions.py. Body RESOLVED and a byte-matching C source exists
0x080294B4,ReleaseEntryE,48,matching,world,"verified from a byte-matching C source; ReleaseEntryE; twin of ReleaseEntryD, base gRam020254D0 (find_twins.py)"
0x080294E4,FUN_080294e4,52,discovered,unknown,"missed by Ghidra; found with tools/discover_functions.py, body not yet reviewed; boundary corrected against the ROM (audit_boundaries.py)"
0x08029518,FUN_08029518,392,candidate,unknown,Ghidra auto-analysis; boundary and ARM/Thumb mode are provisional; boundary corrected against the ROM (audit_boundaries.py)
0x080296A0,FUN_080296a0,632,candidate,unknown,Ghidra auto-analysis; boundary and ARM/Thumb mode are provisional; boundary corrected against the ROM (audit_boundaries.py)
0x08029918,FUN_08029918,152,candidate,unknown,Ghidra auto-analysis; boundary and ARM/Thumb mode are provisional; boundary corrected against the ROM (audit_boundaries.py)
0x080299B0,FUN_080299b0,216,candidate,unknown,Ghidra auto-analysis; boundary and ARM/Thumb mode are provisional; boundary corrected against the ROM (audit_boundaries.py)
0x08029A88,FUN_08029a88,178,candidate,unknown,Ghidra auto-analysis; boundary and ARM/Thumb mode are provisional; boundary corrected against the ROM (audit_boundaries.py)
0x08029B3C,FUN_08029b3c,228,candidate,unknown,Ghidra auto-analysis; boundary and ARM/Thumb mode are provisional; boundary corrected against the ROM (audit_boundaries.py)
0x08029C20,FUN_08029c20,292,candidate,unknown,Ghidra auto-analysis; boundary and ARM/Thumb mode are provisional; boundary corrected against the ROM (audit_boundaries.py); boundary corrected against the ROM (audit_boundaries.py)
0x08029D44,FUN_08029d44,256,candidate,unknown,Ghidra auto-analysis; boundary and ARM/Thumb mode are provisional; boundary corrected against the ROM (audit_boundaries.py); boundary corrected against the ROM (audit_boundaries.py)
0x08029E44,FUN_08029e44,1452,candidate,unknown,Ghidra auto-analysis; boundary and ARM/Thumb mode are provisional; boundary corrected against the ROM (audit_boundaries.py); boundary corrected against the ROM (audit_boundaries.py)
0x0802A3F0,FUN_0802a3f0,144,candidate,unknown,Ghidra auto-analysis; boundary and ARM/Thumb mode are provisional; boundary corrected against the ROM (audit_boundaries.py)
0x0802A480,FUN_0802a480,308,candidate,unknown,Ghidra auto-analysis; boundary and ARM/Thumb mode are provisional; boundary corrected against the ROM (audit_boundaries.py); boundary corrected against the ROM (audit_boundaries.py)
0x0802A5B4,FUN_0802a5b4,92,candidate,unknown,Ghidra auto-analysis; boundary and ARM/Thumb mode are provisional; boundary corrected against the ROM (audit_boundaries.py)
0x0802A610,DrawCounterDigits8,292,matching,ui,verified from a byte-matching C source; DrawCounterDigits8; writes the eight-digit counter with two-row tiles (find_twins.py)
0x0802A734,DrawCounterDigits3,292,matching,ui,"verified from a byte-matching C source; DrawCounterDigits3; same body, only three digits are drawn"
0x0802A858,FUN_0802a858,228,candidate,unknown,Ghidra auto-analysis; boundary and ARM/Thumb mode are provisional; boundary corrected against the ROM (audit_boundaries.py)
0x0802A93C,FUN_0802a93c,180,candidate,unknown,Ghidra auto-analysis; boundary and ARM/Thumb mode are provisional; boundary corrected against the ROM (audit_boundaries.py)
0x0802A9F0,FUN_0802a9f0,296,matching,unknown,verified from a byte-matching C source; boundary and ARM/Thumb mode PROVEN against the ROM; boundary corrected against the ROM (audit_boundaries.py)
0x0802AB18,FUN_0802ab18,296,matching,unknown,verified from a byte-matching C source; boundary and ARM/Thumb mode PROVEN against the ROM; boundary corrected against the ROM (audit_boundaries.py)
0x0802AC40,FUN_0802ac40,332,candidate,unknown,Ghidra auto-analysis; boundary and ARM/Thumb mode are provisional; boundary corrected against the ROM (audit_boundaries.py); boundary corrected against the ROM (audit_boundaries.py)
0x0802AD8C,FUN_0802ad8c,436,candidate,unknown,Ghidra auto-analysis; boundary and ARM/Thumb mode are provisional; boundary corrected against the ROM (audit_boundaries.py); boundary corrected against the ROM (audit_boundaries.py)
0x0802AF40,FUN_0802af40,220,candidate,unknown,Ghidra auto-analysis; boundary and ARM/Thumb mode are provisional; boundary corrected against the ROM (audit_boundaries.py); boundary corrected against the ROM (audit_boundaries.py)
0x0802B01C,FUN_0802b01c,456,candidate,unknown,Ghidra auto-analysis; boundary and ARM/Thumb mode are provisional; boundary corrected against the ROM (audit_boundaries.py); boundary corrected against the ROM (audit_boundaries.py)
0x0802B1E4,FUN_0802b1e4,208,candidate,unknown,Ghidra auto-analysis; boundary and ARM/Thumb mode are provisional; boundary corrected against the ROM (audit_boundaries.py)
0x0802B2B4,FUN_0802b2b4,222,candidate,unknown,Ghidra auto-analysis; boundary and ARM/Thumb mode are provisional; boundary corrected against the ROM (audit_boundaries.py)
0x0802B394,FUN_0802b394,240,discovered,unknown,"missed by Ghidra; found with tools/discover_functions.py, body not yet reviewed; boundary corrected against the ROM (audit_boundaries.py)"
0x0802B484,FUN_0802b484,98,candidate,unknown,Ghidra auto-analysis; boundary and ARM/Thumb mode are provisional; boundary verified by the 2026-09-04 ROM flow review
0x0802B4E8,FUN_0802b4e8,1128,candidate,unknown,Ghidra auto-analysis; boundary and ARM/Thumb mode are provisional; boundary verified by the 2026-09-04 ROM flow review; boundary corrected against the ROM (audit_boundaries.py)
0x0802B950,FUN_0802b950,1182,candidate,unknown,Ghidra auto-analysis; boundary and ARM/Thumb mode are provisional; boundary verified by the 2026-09-04 ROM flow review
0x0802BDF0,FUN_0802bdf0,8320,candidate,unknown,2026-09-04 Thumb flow review; the single 140-byte stack frame closes in the 0x0802DE60 epilogue and returns at 0x0802DE6E
0x0802DE70,FUN_0802de70,168,candidate,unknown,Ghidra auto-analysis; boundary and ARM/Thumb mode are provisional; boundary corrected against the ROM (audit_boundaries.py); boundary corrected against the ROM (audit_boundaries.py)
0x0802DF18,FUN_0802df18,304,candidate,unknown,Ghidra auto-analysis; boundary and ARM/Thumb mode are provisional; boundary corrected against the ROM (audit_boundaries.py)
0x0802E048,FUN_0802e048,148,candidate,unknown,Ghidra auto-analysis; boundary and ARM/Thumb mode are provisional; boundary corrected against the ROM (audit_boundaries.py)
0x0802E0DC,FUN_0802e0dc,316,candidate,unknown,Ghidra auto-analysis; boundary and ARM/Thumb mode are provisional
0x0802E218,FUN_0802e218,204,candidate,unknown,Ghidra auto-analysis; boundary and ARM/Thumb mode are provisional
0x0802E2E4,FUN_0802e2e4,280,candidate,unknown,Ghidra auto-analysis; boundary and ARM/Thumb mode are provisional; boundary corrected against the ROM (audit_boundaries.py); boundary corrected against the ROM (audit_boundaries.py)
0x0802E3FC,FUN_0802e3fc,1510,candidate,unknown,Ghidra auto-analysis; boundary and ARM/Thumb mode are provisional; boundary corrected against the ROM (audit_boundaries.py)
0x0802E9E4,FUN_0802e9e4,240,candidate,unknown,Ghidra auto-analysis; boundary and ARM/Thumb mode are provisional; boundary corrected against the ROM (audit_boundaries.py)
0x0802EAD4,FUN_0802ead4,124,candidate,unknown,Ghidra auto-analysis; boundary and ARM/Thumb mode are provisional; boundary corrected against the ROM (audit_boundaries.py)
0x0802EB50,FUN_0802eb50,140,candidate,unknown,Ghidra auto-analysis; boundary and ARM/Thumb mode are provisional; boundary corrected against the ROM (audit_boundaries.py)
0x0802EBDC,FUN_0802ebdc,200,candidate,unknown,Ghidra auto-analysis; boundary and ARM/Thumb mode are provisional; boundary corrected against the ROM (audit_boundaries.py)
0x0802ECA4,FUN_0802eca4,664,candidate,unknown,Ghidra auto-analysis; boundary and ARM/Thumb mode are provisional; boundary corrected against the ROM (audit_boundaries.py); boundary corrected against the ROM (audit_boundaries.py)
0x0802EF3C,FUN_0802ef3c,276,candidate,unknown,Ghidra auto-analysis; boundary and ARM/Thumb mode are provisional; boundary corrected against the ROM (audit_boundaries.py)
0x0802F050,FUN_0802f050,304,candidate,unknown,Ghidra auto-analysis; boundary and ARM/Thumb mode are provisional; boundary corrected against the ROM (audit_boundaries.py); boundary corrected against the ROM (audit_boundaries.py)
0x0802F3D4,FUN_0802f3d4,204,candidate,unknown,Ghidra auto-analysis; boundary and ARM/Thumb mode are provisional; boundary corrected against the ROM (audit_boundaries.py)
0x0802F4A0,FUN_0802f4a0,188,candidate,unknown,Ghidra auto-analysis; boundary and ARM/Thumb mode are provisional; boundary verified by the 2026-09-04 ROM flow review; boundary corrected against the ROM (audit_boundaries.py)
0x0802F55C,FUN_0802f55c,1024,candidate,unknown,Ghidra auto-analysis; boundary and ARM/Thumb mode are provisional; boundary corrected against the ROM (audit_boundaries.py); boundary corrected against the ROM (audit_boundaries.py)
0x0802F95C,FUN_0802f95c,610,candidate,unknown,Ghidra auto-analysis; boundary and ARM/Thumb mode are provisional; boundary verified by the 2026-09-04 ROM flow review
0x0802FBC0,FUN_0802fbc0,392,candidate,unknown,Ghidra auto-analysis; boundary and ARM/Thumb mode are provisional; boundary corrected against the ROM (audit_boundaries.py)
0x0802FD48,FUN_0802fd48,168,candidate,unknown,Ghidra auto-analysis; boundary and ARM/Thumb mode are provisional; boundary corrected against the ROM (audit_boundaries.py)
0x0802FDF0,FUN_0802fdf0,84,candidate,unknown,Ghidra auto-analysis; boundary and ARM/Thumb mode are provisional; boundary corrected against the ROM (audit_boundaries.py)
0x0802FE44,FUN_0802fe44,520,candidate,unknown,Ghidra auto-analysis; boundary and ARM/Thumb mode are provisional; boundary corrected against the ROM (audit_boundaries.py); boundary corrected against the ROM (audit_boundaries.py)
0x0803004C,FUN_0803004c,200,candidate,unknown,Ghidra auto-analysis; boundary and ARM/Thumb mode are provisional; boundary corrected against the ROM (audit_boundaries.py); boundary corrected against the ROM (audit_boundaries.py)
0x08030114,FUN_08030114,196,candidate,unknown,Ghidra auto-analysis; boundary and ARM/Thumb mode are provisional; boundary corrected against the ROM (audit_boundaries.py); boundary corrected against the ROM (audit_boundaries.py)
0x080301D8,FUN_080301d8,184,candidate,unknown,Ghidra auto-analysis; boundary and ARM/Thumb mode are provisional; boundary corrected against the ROM (audit_boundaries.py); boundary corrected against the ROM (audit_boundaries.py)
0x08030290,FUN_08030290,132,candidate,unknown,Ghidra auto-analysis; boundary and ARM/Thumb mode are provisional; boundary corrected against the ROM (audit_boundaries.py)
0x08030314,FUN_08030314,122,candidate,unknown,Ghidra auto-analysis; boundary and ARM/Thumb mode are provisional; boundary corrected against the ROM (audit_boundaries.py)
0x08030390,FUN_08030390,200,candidate,unknown,Ghidra auto-analysis; boundary and ARM/Thumb mode are provisional; boundary corrected against the ROM (audit_boundaries.py)
0x08030458,FUN_08030458,624,candidate,unknown,Ghidra auto-analysis; boundary and ARM/Thumb mode are provisional; boundary corrected against the ROM (audit_boundaries.py); boundary corrected against the ROM (audit_boundaries.py)
0x080306C8,ShowLevelBadge,384,candidate,unknown,Ghidra auto-analysis; boundary and ARM/Thumb mode are provisional; boundary corrected against the ROM (audit_boundaries.py); boundary corrected against the ROM (audit_boundaries.py)
0x08030848,NoOp08030848,2,matching,world,ROM BL target from 0805131C; bx lr followed by alignment; independently verified gap
0x0803084C,SetBg1Enable,18,matching,world,byte-matching from a C source; the plainest expression form (adding a local suppressed the copy)
0x08030860,ClearBg1Enable,20,matching,world,byte-matching from a C source (MATCH-014 batch group 2)
0x08030874,ForwardWithZero,14,matching,world,byte-matching from a C source (MATCH-014 batch group)
0x08030884,NotifyIfReady,28,matching,world,byte-matching from a C source (MATCH-014)
0x080308A0,ReleaseAllSlots,10,matching,world,Slot free; src/world/slot_release.c
0x080308AC,ReleaseSlot,64,matching,world,Slot release with two bases; src/world/release_slot.c size measured including the tail pool (byte-matching evidence)
0x080308EC,FUN_080308ec,72,candidate,unknown,Ghidra auto-analysis; boundary and ARM/Thumb mode are provisional; boundary corrected against the ROM (audit_boundaries.py)
0x08030934,FUN_08030934,38,discovered,unknown,"missed by Ghidra; tools/discover_functions.py call target (certain), body not yet reviewed"
0x0803095C,FUN_0803095c,76,candidate,unknown,Ghidra auto-analysis; boundary and ARM/Thumb mode are provisional; boundary corrected against the ROM (audit_boundaries.py)
0x080309A8,FUN_080309a8,42,candidate,unknown,Ghidra auto-analysis; boundary and ARM/Thumb mode are provisional; boundary corrected against the ROM (audit_boundaries.py)
0x080309D4,FUN_080309d4,104,candidate,unknown,Ghidra auto-analysis; boundary and ARM/Thumb mode are provisional; boundary corrected against the ROM (audit_boundaries.py)
0x08030A3C,FUN_08030a3c,36,candidate,unknown,Ghidra auto-analysis; boundary and ARM/Thumb mode are provisional; boundary corrected against the ROM (audit_boundaries.py)
0x08030A60,FUN_08030a60,58,candidate,unknown,Ghidra auto-analysis; boundary and ARM/Thumb mode are provisional; boundary corrected against the ROM (audit_boundaries.py)
0x08030A9C,FUN_08030a9c,72,candidate,unknown,Ghidra auto-analysis; boundary and ARM/Thumb mode are provisional; boundary corrected against the ROM (audit_boundaries.py); boundary corrected against the ROM (audit_boundaries.py)
0x08030AE4,FUN_08030ae4,56,candidate,unknown,Ghidra auto-analysis; boundary and ARM/Thumb mode are provisional; boundary corrected against the ROM (audit_boundaries.py)
0x08030B1C,FUN_08030b1c,24,candidate,unknown,Ghidra auto-analysis; boundary and ARM/Thumb mode are provisional; boundary corrected against the ROM (audit_boundaries.py)
0x08030B34,SendTextMode1,12,matching,world,verified from a byte-matching C source; SendTextMode1; submits the resolved text with mode 1
0x08030B40,SendTextById,16,matching,ui,verified from a byte-matching C source; SendTextById; resolves the text id and submits it with mode 1
0x08030B50,FUN_08030b50,16,matching,world,Forwards a text string to a two-argument call; src/world/band_a_30b50.c
0x08030B60,SetHudTime,40,matching,unknown,"missed by Ghidra; tools/discover_functions.py call target (certain), body not yet reviewed; boundary corrected against the ROM (audit_boundaries.py)"
0x08030B88,FUN_08030b88,20,discovered,unknown,"missed by Ghidra; tools/discover_functions.py call target (certain), body not yet reviewed; boundary corrected against the ROM (audit_boundaries.py)"
0x08030BE8,HalvesEqual,36,matching,unknown,"missed by Ghidra; tools/discover_functions.py call target (certain), body not yet reviewed"
0x08030C0C,LookupThenCall,24,matching,world,byte-matching from a C source (MATCH-014 batch group 4)
0x08030C28,ZeroTwoBlocks,36,matching,world,byte-matching from a C source (MATCH-014 batch group 2)
0x08030C4C,IsAreaFlagSet,52,matching,world,Area flags; src/world/area_flags.c
0x08030C80,SetAreaFlag,48,matching,world,Area flags; src/world/area_flags.c
0x08030CB0,AreaFlagsNoop,2,matching,world,Area flags; src/world/area_flags.c
0x08030CB4,CleanupAreaTiles,88,matching,world,"Area flags; src/world/area_flags.c including the tail literal pool (62->88, measured)"
0x08030D0C,FUN_08030d0c,64,candidate,unknown,Ghidra auto-analysis; boundary and ARM/Thumb mode are provisional
0x08030D4C,FUN_08030d4c,56,candidate,unknown,Ghidra auto-analysis; boundary and ARM/Thumb mode are provisional
0x08030D84,FUN_08030d84,48,candidate,unknown,Ghidra auto-analysis; boundary and ARM/Thumb mode are provisional; boundary corrected against the ROM (audit_boundaries.py)
0x08030DB4,FUN_08030db4,36,discovered,unknown,"missed by Ghidra; tools/discover_functions.py call target (certain), body not yet reviewed"
0x08030DD8,FUN_08030dd8,56,discovered,unknown,"missed by Ghidra; tools/discover_functions.py call target (certain), body not yet reviewed; boundary corrected against the ROM (audit_boundaries.py)"
0x08030E10,CaptureSessionSnapshot,104,matching,unknown,verified from a byte-matching C source; boundary and ARM/Thumb mode PROVEN against the ROM
0x08030E78,ClearHudFieldA,40,matching,unknown,verified from a byte-matching C source; boundary and ARM/Thumb mode PROVEN against the ROM
0x08030EA0,SpinDelay,10,matching,world,byte-matching from C (small function harvest)
0x08030EAC,LoadHudPalettes,124,matching,ui,verified from a byte-matching C source; LoadHudPalettes; two palette blocks via DMA fill + CpuSet
0x08030F28,ClearHudFieldB,40,matching,unknown,verified from a byte-matching C source; boundary and ARM/Thumb mode PROVEN against the ROM
0x08030F50,ClearHudFieldC,40,matching,ui,verified from a byte-matching C source; ClearHudFieldC; fills two VRAM columns with the blank tile
0x08030F78,FUN_08030f78,12,matching,world,Clears the session block's active flag; src/world/band_a_30f78.c
0x08030F84,TriggerEvent39,12,matching,world,verified from a byte-matching C source; TriggerEvent39; FUN_0802eb50(39)
0x08030F90,ResetMapView,116,matching,world,verified from a byte-matching C source; ResetMapView; zeroes the map window and the gRam02025810 view fields
0x08031004,FUN_08031004,24,discovered,unknown,"missed by Ghidra; found with tools/discover_functions.py, body not yet reviewed; boundary corrected against the ROM (audit_boundaries.py)"
0x08031034,FUN_08031034,32,candidate,unknown,Ghidra auto-analysis; boundary and ARM/Thumb mode are provisional; boundary corrected against the ROM (audit_boundaries.py)
0x08031054,FUN_08031054,108,candidate,unknown,Ghidra auto-analysis; boundary and ARM/Thumb mode are provisional; boundary corrected against the ROM (audit_boundaries.py)
0x080310C0,FUN_080310c0,116,candidate,unknown,Ghidra auto-analysis; boundary and ARM/Thumb mode are provisional; boundary corrected against the ROM (audit_boundaries.py)
0x08031134,FUN_08031134,168,candidate,unknown,Ghidra auto-analysis; boundary and ARM/Thumb mode are provisional; boundary corrected against the ROM (audit_boundaries.py); boundary corrected against the ROM (audit_boundaries.py)
0x080311DC,ClearMapWindow,40,matching,ui,verified from a byte-matching C source; ClearMapWindow; 8x30 tiles are filled with the blank tile
0x08031204,FUN_08031204,56,matching,unknown,verified from a byte-matching C source; boundary and ARM/Thumb mode PROVEN against the ROM; boundary corrected against the ROM (audit_boundaries.py)
0x08031294,RefreshScoreDigits,132,matching,world,verified from a byte-matching C source; RefreshScoreDigits; cell x/y score digits
0x08031318,GetRecordNodeById,14,matching,world,verified from a byte-matching C source; GetRecordNodeById; record node from a u16 id
0x08031328,ClearMapWindowDma,96,matching,ui,verified from a byte-matching C source; ClearMapWindowDma; two DMA3 fills
0x08031388,InitSessionAttr,88,matching,world,verified from a byte-matching C source; InitSessionAttr; gRam02026DA0 attribute setup
0x080313F0,FUN_080313f0,36,candidate,unknown,Ghidra auto-analysis; boundary and ARM/Thumb mode are provisional; boundary corrected against the ROM (audit_boundaries.py)
0x08031414,ScaleMagnitude,132,matching,world,verified from a byte-matching C source; ScaleMagnitude; 5-band piecewise linear curve
0x08031498,DrawTwoDigits,156,matching,ui,verified from a byte-matching C source; DrawTwoDigits; writes a two-digit number with two-row tiles
0x08031534,FUN_08031534,68,matching,world,Converts the position into a cell and tests whether it is empty; src/world/band_a_31534.c
0x08031578,ClearHudRowsAB,72,matching,ui,verified from a byte-matching C source; ClearHudRowsAB; clears four VRAM tile rows
0x080315C0,SendTextMode2,12,matching,ui,verified from a byte-matching C source; SendTextMode2; submits the prepared text with mode 2
0x080315F8,FUN_080315f8,30,matching,world,Finds the object in the slot array and releases the slot; src/world/band_a_315f8.c
0x08031618,ReleaseActorAndSlot,64,matching,world,verified from a byte-matching C source; ReleaseActorAndSlot; releases the actor and its owner's slot
0x08031658,ReleaseSlotHeld,44,matching,world,"verified from a byte-matching C source; ReleaseSlotHeld; twin of ReleaseSlotSub, +0xEC/+0x58 (find_twins.py)"
0x08031684,ReleaseSlotSub,44,matching,video,verified from a byte-matching C source; ReleaseSlotSub; releases the sub-object of the gRam02025810 slot
0x080316B0,BlitStripPlain4bpp,318,matching,video,verified from a byte-matching C source; BlitStripPlain4bpp; 8x48 4bpp strip blitter without column clipping
0x080317F0,FUN_080317f0,84,matching,world,packs 8bpp pixels into 4bpp tile rows; src/world/band_a_317f0.c
0x08031844,BlitStripClipLeft4bpp,470,matching,video,"verified from a byte-matching C source; BlitStripClipLeft4bpp; same source as 0x08031A1C, the column test inverted"
0x08031A1C,BlitStrip4bpp,470,matching,video,verified from a byte-matching C source; BlitStrip4bpp; 48-row masked 4bpp strip blitter
0x08031BF4,FUN_08031bf4,28,matching,world,strncpy of 79 bytes into an 84-byte stack buffer; src/world/band_a_31bf4.c
0x08031C10,ReplaceNibbleField,136,matching,world,Replaces the selected nibble fields in sixteen words; src/world/nibble_replace.c
0x08031C98,PushSlotQueueEntry,140,matching,world,verified from a byte-matching C source; PushSlotQueueEntry; writes an entry into six parallel tables of the slot queue
0x08031D24,AnyPairSet,46,matching,world,Flag array; src/world/flag_arrays.c
0x08031D54,ClearAllBlocks,52,matching,world,Flag array; src/world/flag_arrays.c size measured including the tail pool (byte-matching evidence)
0x08031DB8,StepThenCheck,36,matching,world,byte-matching from a C source (MATCH-014 batch group 3)
0x08031DDC,FUN_08031ddc,60,discovered,unknown,"missed by Ghidra; found with tools/discover_functions.py, body not yet reviewed; boundary corrected against the ROM (audit_boundaries.py)"
0x08031E18,FUN_08031e18,40,candidate,unknown,Ghidra auto-analysis; boundary and ARM/Thumb mode are provisional; boundary corrected against the ROM (audit_boundaries.py)
0x08031E44,FUN_08031e44,80,candidate,unknown,Ghidra auto-analysis; boundary and ARM/Thumb mode are provisional; boundary corrected against the ROM (audit_boundaries.py)
0x08031E94,FUN_08031e94,86,candidate,unknown,Ghidra auto-analysis; boundary and ARM/Thumb mode are provisional; boundary corrected against the ROM (audit_boundaries.py)
0x08031EEC,FUN_08031eec,44,candidate,unknown,Ghidra auto-analysis; boundary and ARM/Thumb mode are provisional; boundary corrected against the ROM (audit_boundaries.py)
0x08031F18,FUN_08031f18,48,candidate,unknown,Ghidra auto-analysis; boundary and ARM/Thumb mode are provisional; boundary corrected against the ROM (audit_boundaries.py)
0x08031F48,FUN_08031f48,108,candidate,unknown,Ghidra auto-analysis; boundary and ARM/Thumb mode are provisional; boundary corrected against the ROM (audit_boundaries.py); boundary corrected against the ROM (audit_boundaries.py)
0x08031FB4,FUN_08031fb4,60,candidate,unknown,Ghidra auto-analysis; boundary and ARM/Thumb mode are provisional; boundary corrected against the ROM (audit_boundaries.py)
0x08031FF0,FUN_08031ff0,22,candidate,unknown,Ghidra auto-analysis; boundary and ARM/Thumb mode are provisional
0x08032008,FUN_08032008,80,discovered,unknown,"missed by Ghidra; tools/discover_functions.py call target (certain), body not yet reviewed; boundary corrected against the ROM (audit_boundaries.py)"
0x08032058,IsEntityFlagSet,56,matching,world,"Small entity accessor; names derived from behaviour, semantics unverified size measured including the tail pool (byte-matching evidence)"
0x08032090,GetEntityFixedFields,20,matching,world,Small entity accessor; body reproduces ROM exactly from src/world/entity_accessors.c
0x080320A4,GetEntityUnk0C,4,matching,world,Small entity accessor; body reproduces ROM exactly from src/world/entity_accessors.c
0x080320A8,GetEntityFlags,8,matching,world,Small entity accessor; body reproduces ROM exactly from src/world/entity_accessors.c
0x080320B0,GetEntityKind,6,matching,world,Small entity accessor; body reproduces ROM exactly from src/world/entity_accessors.c
0x080320B8,GetEntityUnk10,4,matching,world,Small entity accessor; body reproduces ROM exactly from src/world/entity_accessors.c
0x080320C8,SaveBufferCopy8To9,12,matching,world,byte-matching from a C source (MATCH-014)
0x080320D4,SaveBufferCopy9To8,12,matching,world,byte-matching from a C source (MATCH-014 batch group)
0x080320E0,InitMenuSession,108,matching,ui,verified from a byte-matching C source; InitMenuSession; sets up the menu session entries with FUN_080301d8
0x0803214C,FUN_0803214c,28,candidate,unknown,Ghidra auto-analysis; boundary and ARM/Thumb mode are provisional; boundary corrected against the ROM (audit_boundaries.py)
0x08032168,FUN_08032168,84,candidate,unknown,Ghidra auto-analysis; boundary and ARM/Thumb mode are provisional; boundary corrected against the ROM (audit_boundaries.py)
0x080321BC,FUN_080321bc,48,candidate,unknown,Ghidra auto-analysis; boundary and ARM/Thumb mode are provisional; boundary corrected against the ROM (audit_boundaries.py); boundary corrected against the ROM (audit_boundaries.py)
0x080321EC,FUN_080321ec,32,candidate,unknown,Ghidra auto-analysis; boundary and ARM/Thumb mode are provisional
0x0803220C,FUN_0803220c,132,candidate,unknown,Ghidra auto-analysis; boundary and ARM/Thumb mode are provisional; boundary corrected against the ROM (audit_boundaries.py); boundary corrected against the ROM (audit_boundaries.py)
0x08032290,FUN_08032290,32,candidate,unknown,Ghidra auto-analysis; boundary and ARM/Thumb mode are provisional
0x080322B0,FUN_080322b0,6,candidate,unknown,Ghidra auto-analysis; boundary and ARM/Thumb mode are provisional
0x080322B8,FUN_080322b8,86,candidate,unknown,Ghidra auto-analysis; boundary and ARM/Thumb mode are provisional; boundary corrected against the ROM (audit_boundaries.py)
0x08032318,FUN_08032318,20,discovered,unknown,"missed by Ghidra; tools/discover_functions.py call target (certain), body not yet reviewed; boundary corrected against the ROM (audit_boundaries.py)"
0x0803232C,FUN_0803232c,148,candidate,unknown,Ghidra auto-analysis; boundary and ARM/Thumb mode are provisional; boundary corrected against the ROM (audit_boundaries.py); boundary corrected against the ROM (audit_boundaries.py)
0x080323C0,FUN_080323c0,116,candidate,unknown,Ghidra auto-analysis; boundary and ARM/Thumb mode are provisional; boundary corrected against the ROM (audit_boundaries.py)
0x08032434,FUN_08032434,112,candidate,unknown,Ghidra auto-analysis; boundary and ARM/Thumb mode are provisional; boundary corrected against the ROM (audit_boundaries.py)
0x080324A4,FUN_080324a4,88,candidate,unknown,Ghidra auto-analysis; boundary and ARM/Thumb mode are provisional; boundary corrected against the ROM (audit_boundaries.py)
0x080324FC,FUN_080324fc,32,candidate,unknown,Ghidra auto-analysis; boundary and ARM/Thumb mode are provisional; boundary verified by the 2026-09-04 ROM flow review
0x0803251C,FUN_0803251c,44,candidate,unknown,Ghidra auto-analysis; boundary and ARM/Thumb mode are provisional; boundary corrected against the ROM (audit_boundaries.py)
0x08032548,FUN_08032548,68,matching,unknown,verified from a byte-matching C source; boundary and ARM/Thumb mode PROVEN against the ROM; boundary corrected against the ROM (audit_boundaries.py)
0x0803258C,FUN_0803258c,68,matching,unknown,verified from a byte-matching C source; boundary and ARM/Thumb mode PROVEN against the ROM; boundary corrected against the ROM (audit_boundaries.py)
0x080325D0,FUN_080325d0,56,candidate,unknown,Ghidra auto-analysis; boundary and ARM/Thumb mode are provisional; boundary corrected against the ROM (audit_boundaries.py)
0x08032608,FUN_08032608,238,candidate,unknown,Ghidra auto-analysis; boundary and ARM/Thumb mode are provisional; boundary corrected against the ROM (audit_boundaries.py)
0x080326F8,FUN_080326f8,208,candidate,unknown,Ghidra auto-analysis; boundary and ARM/Thumb mode are provisional; boundary corrected against the ROM (audit_boundaries.py); boundary corrected against the ROM (audit_boundaries.py)
0x080327C8,FUN_080327c8,112,candidate,unknown,Ghidra auto-analysis; boundary and ARM/Thumb mode are provisional; boundary corrected against the ROM (audit_boundaries.py)
0x08032838,FUN_08032838,540,candidate,unknown,Ghidra auto-analysis; boundary and ARM/Thumb mode are provisional; boundary corrected against the ROM (audit_boundaries.py); boundary corrected against the ROM (audit_boundaries.py)
0x08032A54,FUN_08032a54,188,candidate,unknown,Ghidra auto-analysis; boundary and ARM/Thumb mode are provisional; boundary corrected against the ROM (audit_boundaries.py); boundary corrected against the ROM (audit_boundaries.py)
0x08032B10,FUN_08032b10,236,candidate,unknown,Ghidra auto-analysis; boundary and ARM/Thumb mode are provisional; boundary corrected against the ROM (audit_boundaries.py)
0x08032BFC,FUN_08032bfc,200,candidate,unknown,Ghidra auto-analysis; boundary and ARM/Thumb mode are provisional; boundary corrected against the ROM (audit_boundaries.py); boundary corrected against the ROM (audit_boundaries.py)
0x08032CC4,FUN_08032cc4,176,candidate,unknown,Ghidra auto-analysis; boundary and ARM/Thumb mode are provisional; boundary corrected against the ROM (audit_boundaries.py); boundary corrected against the ROM (audit_boundaries.py)
0x08032D74,FUN_08032d74,148,candidate,unknown,Ghidra auto-analysis; boundary and ARM/Thumb mode are provisional; boundary corrected against the ROM (audit_boundaries.py); boundary corrected against the ROM (audit_boundaries.py)
0x08032E08,FUN_08032e08,148,candidate,unknown,Ghidra auto-analysis; boundary and ARM/Thumb mode are provisional; boundary corrected against the ROM (audit_boundaries.py); boundary corrected against the ROM (audit_boundaries.py)
0x08032E9C,FUN_08032e9c,152,candidate,unknown,Ghidra auto-analysis; boundary and ARM/Thumb mode are provisional; boundary corrected against the ROM (audit_boundaries.py); boundary corrected against the ROM (audit_boundaries.py)
0x08032FC4,FUN_08032fc4,160,candidate,unknown,Ghidra auto-analysis; boundary and ARM/Thumb mode are provisional; boundary corrected against the ROM (audit_boundaries.py); boundary corrected against the ROM (audit_boundaries.py)
0x08033064,FUN_08033064,512,candidate,unknown,Ghidra auto-analysis; boundary and ARM/Thumb mode are provisional; boundary corrected against the ROM (audit_boundaries.py); boundary corrected against the ROM (audit_boundaries.py)
0x08033264,FUN_08033264,328,candidate,unknown,Ghidra auto-analysis; boundary and ARM/Thumb mode are provisional; boundary corrected against the ROM (audit_boundaries.py); boundary corrected against the ROM (audit_boundaries.py)
0x080333AC,FUN_080333ac,712,candidate,unknown,Ghidra auto-analysis; boundary and ARM/Thumb mode are provisional; boundary corrected against the ROM (audit_boundaries.py)
0x08033674,AllocPoolNode,120,candidate,unknown,Ghidra auto-analysis; boundary and ARM/Thumb mode are provisional; boundary corrected against the ROM (audit_boundaries.py)
0x080336EC,VerifyId,64,matching,world,Id validation; src/world/id_verify.c
0x0803372C,TriggerIfMatched,64,matching,world,Id validation; src/world/id_verify.c size measured including the tail pool (byte-matching evidence)
0x0803376C,ZeroThreeFlags,32,matching,world,byte-matching from a C source (MATCH-014 batch group)
0x0803378C,FUN_0803378c,10,matching,world,byte-matching from C (small function harvest)
0x0803379C,FUN_0803379c,10,matching,world,byte-matching from C (small function harvest)
0x080337A8,StopAudioDmaOnCartFlag,120,matching,world,verified from a byte-matching C source; StopAudioDmaOnCartFlag; shutting down DMA1/DMA2 and releasing the buffer
0x08033820,NoOp08033820,2,matching,unknown,verified from a byte-matching C source; boundary and ARM/Thumb mode PROVEN against the ROM
0x08033824,AddToCounter,56,matching,world,verified from a byte-matching C source; AddToCounter; counter capped at 3200
0x0803385C,AllocFromCounter,52,matching,world,"verified from a byte-matching C source; AllocFromCounter; allocation from the gRom08CA6A08 buffer, capped at 0xBA8"
0x08033898,NoOp08033898,2,matching,unknown,verified from a byte-matching C source; boundary and ARM/Thumb mode PROVEN against the ROM
0x0803389C,FUN_0803389c,56,candidate,unknown,Ghidra auto-analysis; boundary and ARM/Thumb mode are provisional; boundary corrected against the ROM (audit_boundaries.py)
0x0803391C,FUN_0803391c,76,discovered,unknown,"missed by Ghidra; found with tools/discover_functions.py, body not yet reviewed; boundary corrected against the ROM (audit_boundaries.py)"
0x08033A80,FUN_08033a80,88,discovered,unknown,"missed by Ghidra; found with tools/discover_functions.py, body not yet reviewed; boundary corrected against the ROM (audit_boundaries.py)"
0x08033AD8,FUN_08033ad8,48,candidate,unknown,Ghidra auto-analysis; boundary and ARM/Thumb mode are provisional; boundary corrected against the ROM (audit_boundaries.py)
0x08033B08,FUN_08033b08,108,candidate,unknown,Ghidra auto-analysis; boundary and ARM/Thumb mode are provisional; boundary corrected against the ROM (audit_boundaries.py)
0x08033B74,FUN_08033b74,44,candidate,unknown,Ghidra auto-analysis; boundary and ARM/Thumb mode are provisional; boundary corrected against the ROM (audit_boundaries.py); boundary corrected against the ROM (audit_boundaries.py)
0x08033BA0,FUN_08033ba0,20,candidate,unknown,Ghidra auto-analysis; boundary and ARM/Thumb mode are provisional; boundary corrected against the ROM (audit_boundaries.py)
0x08033BB4,FUN_08033bb4,36,candidate,unknown,Ghidra auto-analysis; boundary and ARM/Thumb mode are provisional; boundary corrected against the ROM (audit_boundaries.py); boundary corrected against the ROM (audit_boundaries.py)
0x08033BD8,FUN_08033bd8,188,candidate,unknown,Ghidra auto-analysis; boundary and ARM/Thumb mode are provisional; boundary corrected against the ROM (audit_boundaries.py); boundary corrected against the ROM (audit_boundaries.py)
0x08033C94,FUN_08033c94,96,candidate,unknown,Ghidra auto-analysis; boundary and ARM/Thumb mode are provisional; boundary corrected against the ROM (audit_boundaries.py)
0x08033CF4,FUN_08033cf4,232,candidate,unknown,Ghidra auto-analysis; boundary and ARM/Thumb mode are provisional; boundary corrected against the ROM (audit_boundaries.py); boundary corrected against the ROM (audit_boundaries.py)
0x08033DDC,FUN_08033ddc,312,candidate,unknown,Ghidra auto-analysis; boundary and ARM/Thumb mode are provisional; boundary corrected against the ROM (audit_boundaries.py); boundary corrected against the ROM (audit_boundaries.py)
0x08033F18,FUN_08033f18,136,candidate,unknown,Ghidra auto-analysis; boundary and ARM/Thumb mode are provisional; boundary corrected against the ROM (audit_boundaries.py)
0x08033FA0,FUN_08033fa0,104,candidate,unknown,Ghidra auto-analysis; boundary and ARM/Thumb mode are provisional; boundary corrected against the ROM (audit_boundaries.py)
0x08034008,FUN_08034008,216,candidate,unknown,Ghidra auto-analysis; boundary and ARM/Thumb mode are provisional; boundary corrected against the ROM (audit_boundaries.py); boundary corrected against the ROM (audit_boundaries.py)
0x080340E0,FUN_080340e0,66,candidate,unknown,Ghidra auto-analysis; boundary and ARM/Thumb mode are provisional; boundary corrected against the ROM (audit_boundaries.py)
0x08034124,FUN_08034124,618,candidate,unknown,Ghidra auto-analysis; boundary and ARM/Thumb mode are provisional
0x08034390,FUN_08034390,824,candidate,unknown,Ghidra auto-analysis; boundary and ARM/Thumb mode are provisional; boundary corrected against the ROM (audit_boundaries.py); boundary corrected against the ROM (audit_boundaries.py)
0x080346C8,FUN_080346c8,492,candidate,unknown,Ghidra auto-analysis; boundary and ARM/Thumb mode are provisional; boundary corrected against the ROM (audit_boundaries.py); boundary corrected against the ROM (audit_boundaries.py)
0x080348B4,FUN_080348b4,12,candidate,unknown,Ghidra auto-analysis; boundary and ARM/Thumb mode are provisional
0x080348C0,FUN_080348c0,24,candidate,unknown,Ghidra auto-analysis; boundary and ARM/Thumb mode are provisional; boundary corrected against the ROM (audit_boundaries.py)
0x080348D8,FUN_080348d8,76,candidate,unknown,Ghidra auto-analysis; boundary and ARM/Thumb mode are provisional; boundary corrected against the ROM (audit_boundaries.py)
0x0803493C,FUN_0803493c,68,candidate,unknown,Ghidra auto-analysis; boundary and ARM/Thumb mode are provisional; boundary corrected against the ROM (audit_boundaries.py)
0x08034980,FUN_08034980,36,candidate,unknown,Ghidra auto-analysis; boundary and ARM/Thumb mode are provisional; boundary corrected against the ROM (audit_boundaries.py)
0x080349A4,FUN_080349a4,40,candidate,unknown,Ghidra auto-analysis; boundary and ARM/Thumb mode are provisional; boundary corrected against the ROM (audit_boundaries.py)
0x080349CC,FUN_080349cc,82,candidate,unknown,Ghidra auto-analysis; boundary and ARM/Thumb mode are provisional
0x08034A20,FUN_08034a20,56,discovered,unknown,"missed by Ghidra; found with tools/discover_functions.py, body not yet reviewed; boundary corrected against the ROM (audit_boundaries.py)"
0x08034A58,FUN_08034a58,128,candidate,unknown,Ghidra auto-analysis; boundary and ARM/Thumb mode are provisional; boundary corrected against the ROM (audit_boundaries.py)
0x08034AD8,FUN_08034ad8,720,candidate,unknown,Ghidra auto-analysis; boundary and ARM/Thumb mode are provisional; boundary corrected against the ROM (audit_boundaries.py); boundary corrected against the ROM (audit_boundaries.py)
0x08034DA8,FUN_08034da8,160,candidate,unknown,Ghidra auto-analysis; boundary and ARM/Thumb mode are provisional; boundary corrected against the ROM (audit_boundaries.py)
0x08034E48,FUN_08034e48,128,candidate,unknown,Ghidra auto-analysis; boundary and ARM/Thumb mode are provisional; boundary corrected against the ROM (audit_boundaries.py); boundary corrected against the ROM (audit_boundaries.py)
0x08034EC8,FUN_08034ec8,114,candidate,unknown,Ghidra auto-analysis; boundary and ARM/Thumb mode are provisional; boundary corrected against the ROM (audit_boundaries.py)
0x08034F3C,FUN_08034f3c,94,candidate,unknown,Ghidra auto-analysis; boundary and ARM/Thumb mode are provisional; boundary corrected against the ROM (audit_boundaries.py)
0x08034F9C,FUN_08034f9c,18,candidate,unknown,Ghidra auto-analysis; boundary and ARM/Thumb mode are provisional
0x08034FB0,NoOp08034FB0,2,matching,unknown,verified from a byte-matching C source; boundary and ARM/Thumb mode PROVEN against the ROM
0x08034FB4,FUN_08034fb4,20,candidate,unknown,Ghidra auto-analysis; boundary and ARM/Thumb mode are provisional
0x08034FC8,NoOp08034FC8,2,matching,unknown,verified from a byte-matching C source; boundary and ARM/Thumb mode PROVEN against the ROM
0x08034FCC,NoOp08034FCC,2,matching,unknown,verified from a byte-matching C source; boundary and ARM/Thumb mode PROVEN against the ROM
0x08034FD0,FUN_08034fd0,80,candidate,unknown,Ghidra auto-analysis; boundary and ARM/Thumb mode are provisional; boundary corrected against the ROM (audit_boundaries.py)
0x08035020,FUN_08035020,56,candidate,unknown,Ghidra auto-analysis; boundary and ARM/Thumb mode are provisional; boundary corrected against the ROM (audit_boundaries.py)
0x08035058,FUN_08035058,80,candidate,unknown,Ghidra auto-analysis; boundary and ARM/Thumb mode are provisional; boundary corrected against the ROM (audit_boundaries.py)
0x080350A8,FUN_080350a8,88,matching,unknown,verified from a byte-matching C source; boundary and ARM/Thumb mode PROVEN against the ROM; boundary corrected against the ROM (audit_boundaries.py)
0x08035108,FUN_08035108,96,candidate,unknown,Ghidra auto-analysis; boundary and ARM/Thumb mode are provisional; boundary corrected against the ROM (audit_boundaries.py)
0x08035168,FUN_08035168,68,matching,unknown,verified from a byte-matching C source; boundary and ARM/Thumb mode PROVEN against the ROM; boundary corrected against the ROM (audit_boundaries.py)
0x080351AC,FUN_080351ac,68,matching,unknown,verified from a byte-matching C source; boundary and ARM/Thumb mode PROVEN against the ROM; boundary corrected against the ROM (audit_boundaries.py)
0x08035230,FUN_08035230,88,matching,unknown,verified from a byte-matching C source; boundary and ARM/Thumb mode PROVEN against the ROM; boundary corrected against the ROM (audit_boundaries.py)
0x08035288,FUN_08035288,60,candidate,unknown,Ghidra auto-analysis; boundary and ARM/Thumb mode are provisional; boundary corrected against the ROM (audit_boundaries.py)
0x08035318,FUN_08035318,68,candidate,unknown,Ghidra auto-analysis; boundary and ARM/Thumb mode are provisional; boundary corrected against the ROM (audit_boundaries.py)
0x0803535C,FUN_0803535c,96,candidate,unknown,Ghidra auto-analysis; boundary and ARM/Thumb mode are provisional; boundary corrected against the ROM (audit_boundaries.py)
0x080353BC,FUN_080353bc,104,candidate,unknown,Ghidra auto-analysis; boundary and ARM/Thumb mode are provisional; boundary corrected against the ROM (audit_boundaries.py)
0x08035424,FUN_08035424,296,candidate,unknown,Ghidra auto-analysis; boundary and ARM/Thumb mode are provisional; boundary corrected against the ROM (audit_boundaries.py); boundary corrected against the ROM (audit_boundaries.py)
0x080357CC,FUN_080357cc,52,matching,unknown,verified from a byte-matching C source; boundary and ARM/Thumb mode PROVEN against the ROM; boundary corrected against the ROM (audit_boundaries.py)
0x08035800,FUN_08035800,68,candidate,unknown,Ghidra auto-analysis; boundary and ARM/Thumb mode are provisional; boundary corrected against the ROM (audit_boundaries.py)
0x08035844,NoOp08035844,2,matching,world,ROM BL target from 0805131C; bx lr followed by alignment; independently verified gap
0x08035848,FUN_08035848,32,candidate,unknown,Ghidra auto-analysis; boundary and ARM/Thumb mode are provisional; boundary corrected against the ROM (audit_boundaries.py)
0x08035868,FUN_08035868,76,candidate,unknown,Ghidra auto-analysis; boundary and ARM/Thumb mode are provisional; boundary corrected against the ROM (audit_boundaries.py)
0x080358B4,FUN_080358b4,32,discovered,unknown,"missed by Ghidra; found with tools/discover_functions.py, body not yet reviewed; boundary corrected against the ROM (audit_boundaries.py)"
0x080358D8,FUN_080358d8,82,candidate,unknown,Ghidra auto-analysis; boundary and ARM/Thumb mode are provisional; boundary corrected against the ROM (audit_boundaries.py)
0x08035930,FUN_08035930,56,candidate,unknown,Ghidra auto-analysis; boundary and ARM/Thumb mode are provisional; boundary corrected against the ROM (audit_boundaries.py)
0x08035968,FUN_08035968,154,candidate,unknown,Ghidra auto-analysis; boundary and ARM/Thumb mode are provisional
0x08035A04,FUN_08035a04,146,discovered,unknown,"missed by Ghidra; found with tools/discover_functions.py, body not yet reviewed"
0x08035A98,FUN_08035a98,272,discovered,unknown,"missed by Ghidra; found with tools/discover_functions.py, body not yet reviewed; boundary corrected against the ROM (audit_boundaries.py)"
0x08035BA8,FUN_08035ba8,300,discovered,unknown,"missed by Ghidra; tools/discover_functions.py function pointer, body not yet reviewed; boundary corrected against the ROM (audit_boundaries.py)"
0x08035CD4,NoOp08035CD4,2,matching,unknown,verified from a byte-matching C source; boundary and ARM/Thumb mode PROVEN against the ROM
0x08035CD8,FUN_08035cd8,76,candidate,unknown,Ghidra auto-analysis; boundary and ARM/Thumb mode are provisional; boundary corrected against the ROM (audit_boundaries.py)
0x08035D28,FUN_08035d28,24,candidate,unknown,Ghidra auto-analysis; boundary and ARM/Thumb mode are provisional
0x08035D40,FUN_08035d40,32,candidate,unknown,Ghidra auto-analysis; boundary and ARM/Thumb mode are provisional
0x08035D60,FUN_08035d60,58,matching,unknown,"missed by Ghidra; found with tools/discover_functions.py, body not yet reviewed"
0x08035D9C,FUN_08035d9c,58,matching,unknown,"missed by Ghidra; found with tools/discover_functions.py, body not yet reviewed"
0x08035DD8,FUN_08035dd8,10,matching,world,byte-matching from C (small function harvest)
0x08035DE4,FUN_08035de4,80,matching,unknown,"missed by Ghidra; found with tools/discover_functions.py, body not yet reviewed; boundary corrected against the ROM (audit_boundaries.py)"
0x08035E38,FUN_08035e38,80,matching,unknown,verified from a byte-matching C source; boundary and ARM/Thumb mode PROVEN against the ROM; boundary corrected against the ROM (audit_boundaries.py)
0x08035E88,FUN_08035e88,50,candidate,unknown,Ghidra auto-analysis; boundary and ARM/Thumb mode are provisional; boundary corrected against the ROM (audit_boundaries.py)
0x08035EBC,FUN_08035ebc,50,discovered,unknown,"missed by Ghidra; found with tools/discover_functions.py, body not yet reviewed"
0x08035F1C,FUN_08035f1c,376,candidate,unknown,Ghidra auto-analysis; boundary and ARM/Thumb mode are provisional; boundary corrected against the ROM (audit_boundaries.py); boundary corrected against the ROM (audit_boundaries.py)
0x08036094,FUN_08036094,322,candidate,unknown,Ghidra auto-analysis; boundary and ARM/Thumb mode are provisional; boundary corrected against the ROM (audit_boundaries.py)
0x080361D8,FUN_080361d8,200,candidate,unknown,Ghidra auto-analysis; boundary and ARM/Thumb mode are provisional; boundary corrected against the ROM (audit_boundaries.py); boundary corrected against the ROM (audit_boundaries.py)
0x080362A0,FUN_080362a0,66,candidate,unknown,Ghidra auto-analysis; boundary and ARM/Thumb mode are provisional
0x080362E4,FUN_080362e4,82,discovered,unknown,"missed by Ghidra; found with tools/discover_functions.py, body not yet reviewed"
0x08036338,FUN_08036338,76,discovered,unknown,"missed by Ghidra; found with tools/discover_functions.py, body not yet reviewed; boundary corrected against the ROM (audit_boundaries.py)"
0x080363BC,FUN_080363bc,80,candidate,unknown,Ghidra auto-analysis; boundary and ARM/Thumb mode are provisional
0x0803640C,FUN_0803640c,224,candidate,unknown,Ghidra auto-analysis; boundary and ARM/Thumb mode are provisional; boundary corrected against the ROM (audit_boundaries.py)
0x080364EC,FUN_080364ec,364,candidate,unknown,Ghidra auto-analysis; boundary and ARM/Thumb mode are provisional; boundary corrected against the ROM (audit_boundaries.py)
0x08036658,FUN_08036658,136,candidate,unknown,Ghidra auto-analysis; boundary and ARM/Thumb mode are provisional; boundary corrected against the ROM (audit_boundaries.py)
0x080366E0,FUN_080366e0,234,candidate,unknown,Ghidra auto-analysis; boundary and ARM/Thumb mode are provisional
0x080367CC,FUN_080367cc,144,candidate,unknown,Ghidra auto-analysis; boundary and ARM/Thumb mode are provisional; boundary corrected against the ROM (audit_boundaries.py); boundary corrected against the ROM (audit_boundaries.py)
0x0803685C,FUN_0803685c,216,candidate,unknown,Ghidra auto-analysis; boundary and ARM/Thumb mode are provisional; boundary corrected against the ROM (audit_boundaries.py)
0x08036934,FUN_08036934,332,candidate,unknown,Ghidra auto-analysis; boundary and ARM/Thumb mode are provisional; boundary corrected against the ROM (audit_boundaries.py); boundary corrected against the ROM (audit_boundaries.py)
0x08036A80,FUN_08036a80,288,candidate,unknown,Ghidra auto-analysis; boundary and ARM/Thumb mode are provisional; boundary corrected against the ROM (audit_boundaries.py); boundary corrected against the ROM (audit_boundaries.py)
0x08036BA0,FUN_08036ba0,268,candidate,unknown,Ghidra auto-analysis; boundary and ARM/Thumb mode are provisional; boundary corrected against the ROM (audit_boundaries.py); boundary corrected against the ROM (audit_boundaries.py)
0x08036CAC,FUN_08036cac,1554,candidate,unknown,Ghidra auto-analysis; boundary and ARM/Thumb mode are provisional; boundary corrected against the ROM (audit_boundaries.py)
0x080372C0,FUN_080372c0,494,candidate,unknown,Ghidra auto-analysis; boundary and ARM/Thumb mode are provisional; boundary corrected against the ROM (audit_boundaries.py)
0x080374B0,FUN_080374b0,178,candidate,unknown,Ghidra auto-analysis; boundary and ARM/Thumb mode are provisional
0x08037564,FUN_08037564,498,candidate,unknown,Ghidra auto-analysis; boundary and ARM/Thumb mode are provisional; boundary corrected against the ROM (audit_boundaries.py)
0x08037758,FUN_08037758,204,candidate,unknown,Ghidra auto-analysis; boundary and ARM/Thumb mode are provisional; boundary corrected against the ROM (audit_boundaries.py)
0x08037824,FUN_08037824,312,candidate,unknown,Ghidra auto-analysis; boundary and ARM/Thumb mode are provisional; boundary corrected against the ROM (audit_boundaries.py)
0x0803795C,FUN_0803795c,264,discovered,unknown,"missed by Ghidra; tools/discover_functions.py function pointer, body not yet reviewed; boundary corrected against the ROM (audit_boundaries.py)"
0x08037A64,FUN_08037a64,236,candidate,unknown,Ghidra auto-analysis; boundary and ARM/Thumb mode are provisional; boundary corrected against the ROM (audit_boundaries.py)
0x08037B50,FUN_08037b50,254,candidate,unknown,Ghidra auto-analysis; boundary and ARM/Thumb mode are provisional; boundary corrected against the ROM (audit_boundaries.py)
0x08037C50,FUN_08037c50,144,discovered,unknown,"missed by Ghidra; found with tools/discover_functions.py, body not yet reviewed; boundary corrected against the ROM (audit_boundaries.py)"
0x08037CE0,FUN_08037ce0,182,candidate,unknown,Ghidra auto-analysis; boundary and ARM/Thumb mode are provisional; boundary corrected against the ROM (audit_boundaries.py)
0x08037D98,FUN_08037d98,228,candidate,unknown,Ghidra auto-analysis; boundary and ARM/Thumb mode are provisional; boundary corrected against the ROM (audit_boundaries.py)
0x08037E7C,FUN_08037e7c,108,candidate,unknown,Ghidra auto-analysis; boundary and ARM/Thumb mode are provisional; boundary corrected against the ROM (audit_boundaries.py); boundary corrected against the ROM (audit_boundaries.py)
0x08037EE8,FUN_08037ee8,52,candidate,unknown,Ghidra auto-analysis; boundary and ARM/Thumb mode are provisional; boundary corrected against the ROM (audit_boundaries.py)
0x08037F1C,GetUnk0202F2C0,12,matching,misc,Reads one global u32
0x08037F28,GetUnk0202F310,12,matching,misc,Reads one global u32
0x08037F34,GetUnk02028270,12,matching,misc,Reads one global u32
0x08037F40,GetUnk020282A0,12,matching,misc,Reads one global u32
0x08037F4C,GetUnk0202F2D0,12,matching,misc,Reads one global u32; missed by Ghidra auto-analysis
0x08037F58,GetUnk02028290,12,matching,misc,Reads one global u32
0x08037F64,GetUnk02028280,12,matching,misc,Reads one global u32
0x08037F70,GetPoolBFirst,12,matching,world,byte-matching from a C source (MATCH-014)
0x08037FAC,GetPoolA,12,matching,world,Pool getter / marking; src/world/pool_gets.c size measured including the tail pool (byte-matching evidence)
0x08037FB8,GetPoolB,12,matching,world,Pool getter / marking; src/world/pool_gets.c size measured including the tail pool (byte-matching evidence)
0x08037FC4,GetPoolC,12,matching,world,Pool getter / marking; src/world/pool_gets.c size measured including the tail pool (byte-matching evidence)
0x08037FD0,GetPoolD,12,matching,world,Pool getter / marking; src/world/pool_gets.c size measured including the tail pool (byte-matching evidence)
0x08037FDC,MarkAndClear,34,matching,world,Pool getter / marking; src/world/pool_gets.c
0x08038000,ClearFlagNotify,32,matching,world,byte-matching from a C source (MATCH-014 batch group 2)
0x08038020,ForwardZeroArg4,12,matching,world,byte-matching from a C source (MATCH-014 batch group 4)
0x08038044,SlotRangeOrField,26,matching,world,byte-matching from a C source; complex harvest
0x08038060,FUN_08038060,34,discovered,unknown,"missed by Ghidra; found with tools/discover_functions.py, body not yet reviewed"
0x08038084,FUN_08038084,22,candidate,unknown,Ghidra auto-analysis; boundary and ARM/Thumb mode are provisional
0x0803809C,FUN_0803809c,24,discovered,unknown,"missed by Ghidra; found with tools/discover_functions.py, body not yet reviewed"
0x080380B4,FUN_080380b4,22,candidate,unknown,Ghidra auto-analysis; boundary and ARM/Thumb mode are provisional
0x08038108,FUN_08038108,154,candidate,unknown,Ghidra auto-analysis; boundary and ARM/Thumb mode are provisional; boundary corrected against the ROM (audit_boundaries.py)
0x080381A4,FUN_080381a4,84,candidate,unknown,Ghidra auto-analysis; boundary and ARM/Thumb mode are provisional
0x080381F8,ProbeObject,58,matching,world,Object test with default parameters; src/world/object_query.c
0x08038234,SubmitObject,22,matching,world,Object query; src/world/object_query.c
0x0803824C,GetInnerId,20,matching,world,Inner object id through two links; src/world/get_inner_id.c
0x08038260,ResolveObjectValue,54,matching,world,Object query; src/world/object_query.c
0x08038358,ForwardToSub,12,matching,world,Object helper; src/world/object_helpers.c
0x08038364,IsObjectActive,28,matching,world,Object helper; src/world/object_helpers.c
0x08038380,UpdateObject,32,matching,world,Object helper; src/world/object_helpers.c
0x080383A0,GetObjectLinkId,24,matching,world,Object helper; src/world/object_helpers.c size measured including the tail pool (byte-matching evidence)
0x080383B8,FUN_080383b8,48,candidate,unknown,Ghidra auto-analysis; boundary and ARM/Thumb mode are provisional; boundary corrected against the ROM (audit_boundaries.py)
0x080383E8,FUN_080383e8,56,candidate,unknown,Ghidra auto-analysis; boundary and ARM/Thumb mode are provisional
0x08038420,FUN_08038420,30,discovered,unknown,"missed by Ghidra; found with tools/discover_functions.py, body not yet reviewed"
0x08038440,FUN_08038440,44,candidate,unknown,Ghidra auto-analysis; boundary and ARM/Thumb mode are provisional
0x0803846C,FUN_0803846c,112,candidate,unknown,Ghidra auto-analysis; boundary and ARM/Thumb mode are provisional; boundary corrected against the ROM (audit_boundaries.py); boundary corrected against the ROM (audit_boundaries.py)
0x080384F0,FUN_080384f0,64,candidate,unknown,Ghidra auto-analysis; boundary and ARM/Thumb mode are provisional; boundary corrected against the ROM (audit_boundaries.py)
0x08038530,FUN_08038530,84,candidate,unknown,Ghidra auto-analysis; boundary and ARM/Thumb mode are provisional; boundary corrected against the ROM (audit_boundaries.py); boundary corrected against the ROM (audit_boundaries.py)
0x08038584,FUN_08038584,24,candidate,unknown,Ghidra auto-analysis; boundary and ARM/Thumb mode are provisional; boundary corrected against the ROM (audit_boundaries.py)
0x080385C4,FUN_080385c4,68,discovered,unknown,"missed by Ghidra; found with tools/discover_functions.py, body not yet reviewed; boundary corrected against the ROM (audit_boundaries.py)"
0x08038608,FUN_08038608,60,matching,world,60-byte body and literal pool reproduce ROM bytes 0x38608-0x38643 exactly; the tail lookup must not route the table base through a local (docs/COMPILER.md rule 70)
0x08038644,FUN_08038644,60,matching,world,"60-byte body and literal pool reproduce ROM bytes 0x38644-0x3867F exactly; twin of 0x08038608, and the field read must use the pointer form (docs/COMPILER.md rule 70)"
0x08038680,FUN_08038680,38,candidate,unknown,Ghidra auto-analysis; boundary and ARM/Thumb mode are provisional
0x080386A8,FUN_080386a8,320,candidate,unknown,Ghidra auto-analysis; boundary and ARM/Thumb mode are provisional; boundary corrected against the ROM (audit_boundaries.py); boundary corrected against the ROM (audit_boundaries.py)
0x080387E8,FUN_080387e8,160,candidate,unknown,Ghidra auto-analysis; boundary and ARM/Thumb mode are provisional; boundary corrected against the ROM (audit_boundaries.py)
0x08038888,FUN_08038888,188,candidate,unknown,Ghidra auto-analysis; boundary and ARM/Thumb mode are provisional; boundary corrected against the ROM (audit_boundaries.py)
0x08038944,FUN_08038944,122,candidate,unknown,Ghidra auto-analysis; boundary and ARM/Thumb mode are provisional; boundary corrected against the ROM (audit_boundaries.py)
0x080389C0,FUN_080389c0,160,candidate,unknown,Ghidra auto-analysis; boundary and ARM/Thumb mode are provisional; boundary corrected against the ROM (audit_boundaries.py)
0x08038A60,FUN_08038a60,3204,candidate,unknown,Ghidra auto-analysis; boundary and ARM/Thumb mode are provisional; boundary verified by the 2026-09-04 ROM flow review; boundary corrected against the ROM (audit_boundaries.py)
0x080396E4,FUN_080396e4,264,discovered,unknown,"missed by Ghidra; tools/discover_functions.py call target (certain), body not yet reviewed"
0x080397EC,FUN_080397ec,3432,candidate,world,missed by Ghidra; handler target of the 0x0803C050 slot setter; size 3410->3254 (shortened to the real call target); boundary verified by the 2026-09-04 ROM flow review; boundary corrected against the ROM (audit_boundaries.py)
0x0803A554,FUN_0803a554,1280,candidate,unknown,Ghidra auto-analysis; boundary and ARM/Thumb mode are provisional; boundary corrected against the ROM (audit_boundaries.py); boundary corrected against the ROM (audit_boundaries.py)
0x0803AA54,FUN_0803aa54,184,discovered,unknown,"missed by Ghidra; tools/discover_functions.py call target (certain), body not yet reviewed"
0x0803AB0C,FUN_0803ab0c,184,discovered,unknown,"missed by Ghidra; found with tools/discover_functions.py, body not yet reviewed; boundary corrected against the ROM (audit_boundaries.py)"
0x0803ABC4,FUN_0803abc4,424,candidate,unknown,Ghidra auto-analysis; boundary and ARM/Thumb mode are provisional; boundary corrected against the ROM (audit_boundaries.py)
0x0803AD6C,FUN_0803ad6c,224,candidate,unknown,Ghidra auto-analysis; boundary and ARM/Thumb mode are provisional; boundary corrected against the ROM (audit_boundaries.py); boundary corrected against the ROM (audit_boundaries.py)
0x0803AE4C,FUN_0803ae4c,144,candidate,unknown,Ghidra auto-analysis; boundary and ARM/Thumb mode are provisional; boundary corrected against the ROM (audit_boundaries.py)
0x0803AEDC,FUN_0803aedc,224,candidate,unknown,Ghidra auto-analysis; boundary and ARM/Thumb mode are provisional; boundary corrected against the ROM (audit_boundaries.py); boundary corrected against the ROM (audit_boundaries.py)
0x0803AFBC,FUN_0803afbc,480,matching,world,Scene/state transition step; jump table 0x0803B08C; src/world/band_0803afbc.c
0x0803B19C,NoOp0803B19C,2,matching,unknown,verified from a byte-matching C source; boundary and ARM/Thumb mode PROVEN against the ROM
0x0803B1A0,FUN_0803b1a0,904,candidate,unknown,Ghidra auto-analysis; boundary and ARM/Thumb mode are provisional; boundary corrected against the ROM (audit_boundaries.py); boundary corrected against the ROM (audit_boundaries.py)
0x0803B528,FUN_0803b528,254,candidate,unknown,Ghidra auto-analysis; boundary and ARM/Thumb mode are provisional; boundary corrected against the ROM (audit_boundaries.py)
0x0803B628,FUN_0803b628,156,discovered,unknown,"missed by Ghidra; found with tools/discover_functions.py, body not yet reviewed"
0x0803B6C4,FUN_0803b6c4,840,candidate,unknown,Ghidra auto-analysis; boundary and ARM/Thumb mode are provisional; boundary corrected against the ROM (audit_boundaries.py)
0x0803BA0C,FUN_0803ba0c,228,candidate,unknown,Ghidra auto-analysis; boundary and ARM/Thumb mode are provisional; boundary corrected against the ROM (audit_boundaries.py); boundary corrected against the ROM (audit_boundaries.py)
0x0803BAF0,FUN_0803baf0,480,candidate,unknown,Ghidra auto-analysis; boundary and ARM/Thumb mode are provisional; boundary corrected against the ROM (audit_boundaries.py); boundary corrected against the ROM (audit_boundaries.py)
0x0803BCD0,FUN_0803bcd0,248,candidate,unknown,Ghidra auto-analysis; boundary and ARM/Thumb mode are provisional; boundary corrected against the ROM (audit_boundaries.py)
0x0803BDC8,FUN_0803bdc8,540,candidate,unknown,Ghidra auto-analysis; boundary and ARM/Thumb mode are provisional; boundary corrected against the ROM (audit_boundaries.py)
0x0803BFE4,FUN_0803bfe4,96,candidate,unknown,Ghidra auto-analysis; boundary and ARM/Thumb mode are provisional; boundary corrected against the ROM (audit_boundaries.py); boundary corrected against the ROM (audit_boundaries.py)
0x0803C050,ConfigureSlot,64,matching,world,Slot configuration; src/world/slot_config.c size measured including the tail pool (byte-matching evidence)
0x0803C090,GetActiveSlotValue,36,matching,world,Slot configuration; src/world/slot_config.c size measured including the tail pool (byte-matching evidence)
0x0803C0B4,GetSlotField,48,matching,world,Slot configuration; src/world/slot_config.c
0x0803C0E4,ApplyTwoLevels,148,matching,world,"byte-matching from a C source; 148 bytes, the first match in the 128-256 band"
0x0803C178,GetSlotRange,50,matching,world,Slot range; src/world/slot_range.c
0x0803C1AC,GetDefaultRange,6,matching,world,Slot range; src/world/slot_range.c
0x0803C1B4,FUN_0803c1b4,88,candidate,unknown,Ghidra auto-analysis; boundary and ARM/Thumb mode are provisional; boundary corrected against the ROM (audit_boundaries.py)
0x0803C20C,FUN_0803c20c,92,candidate,unknown,Ghidra auto-analysis; boundary and ARM/Thumb mode are provisional; boundary corrected against the ROM (audit_boundaries.py)
0x0803C268,FUN_0803c268,92,matching,unknown,verified from a byte-matching C source; boundary and ARM/Thumb mode PROVEN against the ROM; boundary corrected against the ROM (audit_boundaries.py)
0x0803C2C4,FUN_0803c2c4,92,matching,unknown,verified from a byte-matching C source; boundary and ARM/Thumb mode PROVEN against the ROM; boundary corrected against the ROM (audit_boundaries.py)
0x0803C320,FUN_0803c320,92,candidate,unknown,Ghidra auto-analysis; boundary and ARM/Thumb mode are provisional; boundary corrected against the ROM (audit_boundaries.py)
0x0803C37C,FUN_0803c37c,86,candidate,unknown,Ghidra auto-analysis; boundary and ARM/Thumb mode are provisional; boundary corrected against the ROM (audit_boundaries.py)
0x0803C3D4,FUN_0803c3d4,44,discovered,unknown,"missed by Ghidra; tools/discover_functions.py call target (certain), body not yet reviewed"
0x0803C400,GetOwnerSlot,92,candidate,world,"Returns which player the entity belongs to: 1 for the 0x02000F10/0x020272C8+0x28 chain, 2 for 0x02001140/0x02026F34+0x28 while gGameState[12] is set, otherwise 0. Its result feeds straight into SelectSlotAB."
0x0803C45C,SelectWordSource,32,matching,world,byte-matching from a C source (MATCH-014 batch group 2)
0x0803C49C,SelectSlotAB,28,matching,world,Slot selector; src/world/slot_selectors.c size measured including the tail pool (byte-matching evidence)
0x0803C4B8,SelectSlotCD,28,matching,world,Slot selector; src/world/slot_selectors.c size measured including the tail pool (byte-matching evidence)
0x0803C4D4,GetSubValue,52,matching,world,Slot selector; src/world/slot_selectors.c
0x0803C53C,GetUnitSize,6,matching,world,Slot query; src/world/slot_query.c
0x0803C544,GetActiveSlot,32,matching,world,Slot query; src/world/slot_query.c size measured including the tail pool (byte-matching evidence)
0x0803C564,GetScaleStep,20,matching,world,Slot query; src/world/slot_query.c size measured including the tail pool (byte-matching evidence)
0x0803C578,MarkTarget,26,matching,world,Slot query; src/world/slot_query.c
0x0803C594,IsTargetMarked,32,matching,world,Slot query; src/world/slot_query.c
0x0803C5B4,FUN_0803c5b4,92,candidate,unknown,Ghidra auto-analysis; boundary and ARM/Thumb mode are provisional; boundary corrected against the ROM (audit_boundaries.py)
0x0803C62C,IsPlayerActorReady,106,matching,world,verified from a byte-matching C source; IsPlayerActorReady; readiness test of the selected player actor
0x0803C698,FUN_0803c698,32,candidate,unknown,Ghidra auto-analysis; boundary and ARM/Thumb mode are provisional; boundary corrected against the ROM (audit_boundaries.py)
0x0803C6B8,FUN_0803c6b8,80,candidate,unknown,Ghidra auto-analysis; boundary and ARM/Thumb mode are provisional; boundary corrected against the ROM (audit_boundaries.py)
0x0803C708,FUN_0803c708,52,matching,unknown,verified from a byte-matching C source; boundary and ARM/Thumb mode PROVEN against the ROM; boundary corrected against the ROM (audit_boundaries.py)
0x0803C77C,GetScaleFactor,20,matching,misc,Returns 1 or 256 depending on a global byte size measured including the tail pool (byte-matching evidence)
0x0803C790,ReturnOne,4,matching,misc,Returns the constant 1; missed by Ghidra auto-analysis
0x0803C794,NoOpSessionHook,2,matching,misc,Empty function
0x0803C798,ResetSessionNode,40,matching,misc,Clears two node fields and two session flag bits size measured including the tail pool (byte-matching evidence)
0x0803C7D4,SubmitPack,24,matching,world,byte-matching from a C source (MATCH-014)
0x0803C7EC,FUN_0803c7ec,80,candidate,unknown,Ghidra auto-analysis; boundary and ARM/Thumb mode are provisional; boundary corrected against the ROM (audit_boundaries.py); boundary corrected against the ROM (audit_boundaries.py)
0x0803C840,FUN_0803c840,96,candidate,unknown,Ghidra auto-analysis; boundary and ARM/Thumb mode are provisional; boundary corrected against the ROM (audit_boundaries.py)
0x0803C8A0,FUN_0803c8a0,94,candidate,unknown,Ghidra auto-analysis; boundary and ARM/Thumb mode are provisional; boundary corrected against the ROM (audit_boundaries.py)
0x0803C964,FUN_0803c964,138,candidate,unknown,Ghidra auto-analysis; boundary and ARM/Thumb mode are provisional; boundary corrected against the ROM (audit_boundaries.py)
0x0803C9F0,FUN_0803c9f0,104,candidate,unknown,Ghidra auto-analysis; boundary and ARM/Thumb mode are provisional; boundary corrected against the ROM (audit_boundaries.py)
0x0803CA58,FUN_0803ca58,116,discovered,unknown,"missed by Ghidra; tools/discover_functions.py call target (certain), body not yet reviewed"
0x0803CACC,FUN_0803cacc,80,candidate,unknown,Ghidra auto-analysis; boundary and ARM/Thumb mode are provisional; boundary corrected against the ROM (audit_boundaries.py)
0x0803CB1C,FUN_0803cb1c,48,candidate,unknown,Ghidra auto-analysis; boundary and ARM/Thumb mode are provisional; boundary corrected against the ROM (audit_boundaries.py)
0x0803CB4C,FUN_0803cb4c,104,candidate,unknown,Ghidra auto-analysis; boundary and ARM/Thumb mode are provisional; boundary corrected against the ROM (audit_boundaries.py)
0x0803CBB4,FUN_0803cbb4,16,candidate,unknown,Ghidra auto-analysis; boundary and ARM/Thumb mode are provisional; boundary corrected against the ROM (audit_boundaries.py)
0x0803CBC4,FUN_0803cbc4,108,candidate,unknown,Ghidra auto-analysis; boundary and ARM/Thumb mode are provisional
0x0803CC30,FUN_0803cc30,374,candidate,unknown,Ghidra auto-analysis; boundary and ARM/Thumb mode are provisional
0x0803CDA8,FUN_0803cda8,188,candidate,unknown,Ghidra auto-analysis; boundary and ARM/Thumb mode are provisional; boundary corrected against the ROM (audit_boundaries.py); boundary corrected against the ROM (audit_boundaries.py)
0x0803CE64,FUN_0803ce64,728,candidate,unknown,Ghidra auto-analysis; boundary and ARM/Thumb mode are provisional; boundary corrected against the ROM (audit_boundaries.py); boundary corrected against the ROM (audit_boundaries.py)
0x0803D13C,FUN_0803d13c,204,candidate,unknown,Ghidra auto-analysis; boundary and ARM/Thumb mode are provisional; boundary corrected against the ROM (audit_boundaries.py)
0x0803D208,FUN_0803d208,736,candidate,unknown,Ghidra auto-analysis; boundary and ARM/Thumb mode are provisional; boundary corrected against the ROM (audit_boundaries.py); boundary corrected against the ROM (audit_boundaries.py)
0x0803D4E8,FUN_0803d4e8,700,candidate,unknown,Ghidra auto-analysis; boundary and ARM/Thumb mode are provisional; boundary corrected against the ROM (audit_boundaries.py); boundary corrected against the ROM (audit_boundaries.py)
0x0803D7A4,FUN_0803d7a4,324,candidate,unknown,Ghidra auto-analysis; boundary and ARM/Thumb mode are provisional; boundary corrected against the ROM (audit_boundaries.py)
0x0803D8E8,FUN_0803d8e8,192,candidate,unknown,Ghidra auto-analysis; boundary and ARM/Thumb mode are provisional; boundary corrected against the ROM (audit_boundaries.py)
0x0803D9A8,FUN_0803d9a8,172,candidate,unknown,Ghidra auto-analysis; boundary and ARM/Thumb mode are provisional; boundary corrected against the ROM (audit_boundaries.py)
0x0803DA54,FUN_0803da54,284,candidate,unknown,Ghidra auto-analysis; boundary and ARM/Thumb mode are provisional; boundary corrected against the ROM (audit_boundaries.py); boundary corrected against the ROM (audit_boundaries.py)
0x0803DB70,FUN_0803db70,132,candidate,unknown,Ghidra auto-analysis; boundary and ARM/Thumb mode are provisional; boundary corrected against the ROM (audit_boundaries.py); boundary corrected against the ROM (audit_boundaries.py)
0x0803DBF4,FUN_0803dbf4,482,discovered,unknown,"missed by Ghidra; tools/discover_functions.py call target (certain), body not yet reviewed"
0x0803DDD8,FUN_0803ddd8,208,discovered,unknown,"missed by Ghidra; found with tools/discover_functions.py, body not yet reviewed"
0x0803DEA8,FUN_0803dea8,140,candidate,world,missed by Ghidra; handler target of the 0x0803F6xx state setters
0x0803DF34,FUN_0803df34,196,candidate,unknown,Ghidra auto-analysis; boundary and ARM/Thumb mode are provisional; boundary corrected against the ROM (audit_boundaries.py)
0x0803DFF8,FUN_0803dff8,648,candidate,unknown,Ghidra auto-analysis; boundary and ARM/Thumb mode are provisional; boundary corrected against the ROM (audit_boundaries.py)
0x0803E280,FUN_0803e280,656,candidate,world,missed by Ghidra; handler target of the 0x0803F6xx state setters
0x0803E510,FUN_0803e510,226,candidate,unknown,Ghidra auto-analysis; boundary and ARM/Thumb mode are provisional; boundary corrected against the ROM (audit_boundaries.py)
0x0803E5F4,FUN_0803e5f4,1336,discovered,unknown,"missed by Ghidra; found with tools/discover_functions.py, body not yet reviewed"
0x0803EB2C,FUN_0803eb2c,462,candidate,unknown,Ghidra auto-analysis; boundary and ARM/Thumb mode are provisional; boundary corrected against the ROM (audit_boundaries.py)
0x0803ECFC,FUN_0803ecfc,538,discovered,unknown,"missed by Ghidra; found with tools/discover_functions.py, body not yet reviewed"
0x0803EF18,FUN_0803ef18,464,discovered,unknown,"missed by Ghidra; found with tools/discover_functions.py, body not yet reviewed; boundary corrected against the ROM (audit_boundaries.py)"
0x0803F0E8,FUN_0803f0e8,628,candidate,world,missed by Ghidra; handler target of the 0x0803F6xx state setters; boundary corrected against the ROM (audit_boundaries.py)
0x0803F35C,FUN_0803f35c,350,candidate,unknown,Ghidra auto-analysis; boundary and ARM/Thumb mode are provisional; boundary corrected against the ROM (audit_boundaries.py)
0x0803F4BC,TryEngageTarget,372,candidate,unknown,Ghidra auto-analysis; boundary and ARM/Thumb mode are provisional; boundary corrected against the ROM (audit_boundaries.py); boundary corrected against the ROM (audit_boundaries.py)
0x0803F630,InitState,26,matching,world,State setup; src/world/state_init.c
0x0803F64C,StateNoop,2,matching,world,State setup; src/world/state_init.c
0x0803F650,RunState,12,matching,world,State setup; src/world/state_init.c
0x0803F65C,UpdateState,32,matching,world,State setup; src/world/state_init.c
0x0803F67C,InitHandlerPack,32,matching,world,byte-matching from a C source (MATCH-014 batch group 3)
0x0803F69C,RearmSlot,60,matching,world,byte-matching from a C source; complex function (branching + flags + handler comparison)
0x0803F6D8,RetargetIfKind4,32,matching,world,byte-matching from a C source (MATCH-014 batch group 3)
0x0803F6F8,SetActorEngage,28,matching,world,Entity state setter; src/world/actor_states.c size measured including the tail pool (byte-matching evidence)
0x0803F714,SetActorActive,56,matching,world,Entity state setter; src/world/actor_states.c size measured including the tail pool (byte-matching evidence)
0x0803F74C,SetActorIdle,24,matching,world,Entity state setter; src/world/actor_states.c size measured including the tail pool (byte-matching evidence)
0x0803F764,ReleaseActor,40,matching,world,Entity state setter; src/world/actor_states.c size measured including the tail pool (byte-matching evidence)
0x0803F78C,FUN_0803f78c,70,candidate,unknown,Ghidra auto-analysis; boundary and ARM/Thumb mode are provisional; boundary corrected against the ROM (audit_boundaries.py)
0x0803F7D4,FUN_0803f7d4,36,candidate,unknown,Ghidra auto-analysis; boundary and ARM/Thumb mode are provisional; boundary corrected against the ROM (audit_boundaries.py)
0x0803F7F8,FUN_0803f7f8,36,matching,unknown,"missed by Ghidra; tools/discover_functions.py call target (certain), body not yet reviewed; boundary corrected against the ROM (audit_boundaries.py)"
0x0803F81C,FUN_0803f81c,64,discovered,unknown,"missed by Ghidra; tools/discover_functions.py call target (certain), body not yet reviewed; boundary corrected against the ROM (audit_boundaries.py)"
0x0803F85C,FUN_0803f85c,36,matching,unknown,"missed by Ghidra; tools/discover_functions.py call target (certain), body not yet reviewed; boundary corrected against the ROM (audit_boundaries.py)"
0x0803F880,FUN_0803f880,28,discovered,unknown,"missed by Ghidra; tools/discover_functions.py call target (certain), body not yet reviewed"
0x0803F89C,FUN_0803f89c,32,candidate,unknown,Ghidra auto-analysis; boundary and ARM/Thumb mode are provisional
0x0803F8BC,FUN_0803f8bc,32,candidate,unknown,Ghidra auto-analysis; boundary and ARM/Thumb mode are provisional; boundary corrected against the ROM (audit_boundaries.py)
0x0803F8DC,FUN_0803f8dc,50,matching,unknown,"missed by Ghidra; tools/discover_functions.py function pointer, body not yet reviewed"
0x0803F910,FUN_0803f910,50,matching,unknown,"missed by Ghidra; found with tools/discover_functions.py, body not yet reviewed"
0x0803F944,FUN_0803f944,90,discovered,unknown,"missed by Ghidra; found with tools/discover_functions.py, body not yet reviewed"
0x0803F9A0,FUN_0803f9a0,44,candidate,unknown,Ghidra auto-analysis; boundary and ARM/Thumb mode are provisional; boundary corrected against the ROM (audit_boundaries.py)
0x0803F9CC,FUN_0803f9cc,16,candidate,unknown,Ghidra auto-analysis; boundary and ARM/Thumb mode are provisional; boundary corrected against the ROM (audit_boundaries.py)
0x0803FA38,FUN_0803fa38,72,candidate,unknown,Ghidra auto-analysis; boundary and ARM/Thumb mode are provisional
0x0803FA80,FUN_0803fa80,74,candidate,unknown,Ghidra auto-analysis; boundary and ARM/Thumb mode are provisional
0x0803FACC,FUN_0803facc,26,candidate,unknown,Ghidra auto-analysis; boundary and ARM/Thumb mode are provisional
0x0803FAE8,FUN_0803fae8,266,candidate,unknown,Ghidra auto-analysis; boundary and ARM/Thumb mode are provisional; boundary corrected against the ROM (audit_boundaries.py)
0x0803FBF4,FUN_0803fbf4,284,candidate,unknown,Ghidra auto-analysis; boundary and ARM/Thumb mode are provisional; boundary corrected against the ROM (audit_boundaries.py)
0x0803FD10,FUN_0803fd10,132,candidate,unknown,Ghidra auto-analysis; boundary and ARM/Thumb mode are provisional; boundary corrected against the ROM (audit_boundaries.py)
0x0803FD94,FUN_0803fd94,242,candidate,unknown,Ghidra auto-analysis; boundary and ARM/Thumb mode are provisional; boundary corrected against the ROM (audit_boundaries.py)
0x0803FE88,FUN_0803fe88,176,candidate,unknown,Ghidra auto-analysis; boundary and ARM/Thumb mode are provisional; boundary corrected against the ROM (audit_boundaries.py)
0x0803FF38,FUN_0803ff38,1580,candidate,unknown,Ghidra auto-analysis; boundary and ARM/Thumb mode are provisional; boundary corrected against the ROM (audit_boundaries.py)
0x08040564,FUN_08040564,410,candidate,unknown,Ghidra auto-analysis; boundary and ARM/Thumb mode are provisional; boundary corrected against the ROM (audit_boundaries.py)
0x08040700,FUN_08040700,516,candidate,unknown,Ghidra auto-analysis; boundary and ARM/Thumb mode are provisional; boundary corrected against the ROM (audit_boundaries.py); boundary corrected against the ROM (audit_boundaries.py)
0x08040904,FUN_08040904,1080,candidate,unknown,Ghidra auto-analysis; boundary and ARM/Thumb mode are provisional; boundary corrected against the ROM (audit_boundaries.py)
0x08040D50,FUN_08040d50,2344,candidate,unknown,Ghidra auto-analysis; boundary and ARM/Thumb mode are provisional; boundary verified by the 2026-09-04 ROM flow review; boundary corrected against the ROM (audit_boundaries.py)
0x08041678,FUN_08041678,872,candidate,unknown,Ghidra auto-analysis; boundary and ARM/Thumb mode are provisional; boundary corrected against the ROM (audit_boundaries.py); boundary corrected against the ROM (audit_boundaries.py)
0x080419E0,FUN_080419e0,464,candidate,unknown,Ghidra auto-analysis; boundary and ARM/Thumb mode are provisional; boundary corrected against the ROM (audit_boundaries.py)
0x08041BB0,FUN_08041bb0,178,candidate,unknown,Ghidra auto-analysis; boundary and ARM/Thumb mode are provisional; boundary corrected against the ROM (audit_boundaries.py)
0x08041C64,FUN_08041c64,448,candidate,unknown,Ghidra auto-analysis; boundary and ARM/Thumb mode are provisional; boundary corrected against the ROM (audit_boundaries.py)
0x08041E24,FUN_08041e24,114,candidate,unknown,Ghidra auto-analysis; boundary and ARM/Thumb mode are provisional; boundary corrected against the ROM (audit_boundaries.py)
0x08041E98,FUN_08041e98,48,candidate,unknown,Ghidra auto-analysis; boundary and ARM/Thumb mode are provisional; boundary corrected against the ROM (audit_boundaries.py)
0x08041ED4,FUN_08041ed4,12,discovered,unknown,"missed by Ghidra; tools/discover_functions.py call target (certain), body not yet reviewed; boundary corrected against the ROM (audit_boundaries.py)"
0x08041EE0,NoOp08041EE0,2,matching,unknown,verified from a byte-matching C source; boundary and ARM/Thumb mode PROVEN against the ROM
0x08041EE4,FUN_08041ee4,12,candidate,unknown,Ghidra auto-analysis; boundary and ARM/Thumb mode are provisional
0x08041EF0,NoOp08041EF0,2,matching,unknown,verified from a byte-matching C source; boundary and ARM/Thumb mode PROVEN against the ROM
0x08041EF4,NoOp08041EF4,2,matching,unknown,verified from a byte-matching C source; boundary and ARM/Thumb mode PROVEN against the ROM
0x08041EF8,FUN_08041ef8,56,candidate,unknown,Ghidra auto-analysis; boundary and ARM/Thumb mode are provisional; boundary corrected against the ROM (audit_boundaries.py)
0x08041F30,FUN_08041f30,92,candidate,unknown,Ghidra auto-analysis; boundary and ARM/Thumb mode are provisional; boundary corrected against the ROM (audit_boundaries.py)
0x08041F8C,FindHitInList,126,candidate,unknown,Ghidra auto-analysis; boundary and ARM/Thumb mode are provisional; boundary corrected against the ROM (audit_boundaries.py)
0x0804200C,FUN_0804200c,76,discovered,unknown,"missed by Ghidra; found with tools/discover_functions.py, body not yet reviewed"
0x08042058,GetTileFieldA,48,matching,world,Tile field getter; src/world/map_tile_fields.c size measured including the tail pool (byte-matching evidence)
0x08042088,GetTileType,44,matching,world,Tile field getter; src/world/map_tile_fields.c size measured including the tail pool (byte-matching evidence)
0x080420F8,FUN_080420f8,36,candidate,unknown,Ghidra auto-analysis; boundary and ARM/Thumb mode are provisional; boundary corrected against the ROM (audit_boundaries.py)
0x0804211C,FUN_0804211c,40,discovered,unknown,"missed by Ghidra; tools/discover_functions.py call target (certain), body not yet reviewed; boundary corrected against the ROM (audit_boundaries.py)"
0x08042144,FUN_08042144,96,candidate,unknown,Ghidra auto-analysis; boundary and ARM/Thumb mode are provisional; boundary corrected against the ROM (audit_boundaries.py)
0x08042280,FUN_08042280,236,discovered,unknown,"missed by Ghidra; found with tools/discover_functions.py, body not yet reviewed"
0x0804236C,FUN_0804236c,100,discovered,unknown,"missed by Ghidra; found with tools/discover_functions.py, body not yet reviewed"
0x080423D0,FUN_080423d0,40,discovered,unknown,"missed by Ghidra; found with tools/discover_functions.py, body not yet reviewed"
0x08042434,IsTileTypeInRange,60,matching,world,Tile kind query; Ghidra counted 56 bytes; the pool word is inside the body
0x08042470,FUN_08042470,56,candidate,unknown,Ghidra auto-analysis; boundary and ARM/Thumb mode are provisional; boundary corrected against the ROM (audit_boundaries.py)
0x080424A8,GetTileFieldA2,48,matching,world,Tile and map; src/world/tile_and_map.c size measured including the tail pool (byte-matching evidence)
0x080424D8,GetMapSize,20,matching,world,Tile and map; src/world/tile_and_map.c size measured including the tail pool (byte-matching evidence)
0x080424EC,FindRandomTileOfKind,136,matching,world,verified from a byte-matching C source; FindRandomTileOfKind; random tile search with 256 attempts
0x08042574,FUN_08042574,180,candidate,unknown,Ghidra auto-analysis; boundary and ARM/Thumb mode are provisional; boundary corrected against the ROM (audit_boundaries.py)
0x08042628,FUN_08042628,196,candidate,unknown,Ghidra auto-analysis; boundary and ARM/Thumb mode are provisional; boundary corrected against the ROM (audit_boundaries.py); boundary corrected against the ROM (audit_boundaries.py)
0x080426EC,FUN_080426ec,150,candidate,unknown,Ghidra auto-analysis; boundary and ARM/Thumb mode are provisional; boundary corrected against the ROM (audit_boundaries.py)
0x08042784,FUN_08042784,10,matching,world,byte-matching from C (small function harvest)
0x08042790,FUN_08042790,44,candidate,unknown,Ghidra auto-analysis; boundary and ARM/Thumb mode are provisional; boundary corrected against the ROM (audit_boundaries.py)
0x080427BC,NoOp080427BC,2,matching,world,ROM BL target from 0805131C; bx lr followed by alignment; independently verified gap
0x080427C0,FUN_080427c0,124,candidate,unknown,Ghidra auto-analysis; boundary and ARM/Thumb mode are provisional; boundary corrected against the ROM (audit_boundaries.py); boundary corrected against the ROM (audit_boundaries.py)
0x0804283C,FUN_0804283c,40,candidate,unknown,Ghidra auto-analysis; boundary and ARM/Thumb mode are provisional; boundary corrected against the ROM (audit_boundaries.py)
0x08042864,FUN_08042864,70,candidate,unknown,Ghidra auto-analysis; boundary and ARM/Thumb mode are provisional
0x080428AC,FUN_080428ac,10,matching,world,byte-matching from C (small function harvest)
0x080428B8,FUN_080428b8,72,candidate,unknown,Ghidra auto-analysis; boundary and ARM/Thumb mode are provisional; boundary corrected against the ROM (audit_boundaries.py)
0x08042900,FUN_08042900,60,candidate,unknown,Ghidra auto-analysis; boundary and ARM/Thumb mode are provisional; boundary corrected against the ROM (audit_boundaries.py)
0x0804293C,FUN_0804293c,86,candidate,unknown,Ghidra auto-analysis; boundary and ARM/Thumb mode are provisional
0x08042994,FUN_08042994,54,candidate,unknown,Ghidra auto-analysis; boundary and ARM/Thumb mode are provisional
0x080429CC,FUN_080429cc,334,candidate,unknown,Ghidra auto-analysis; boundary and ARM/Thumb mode are provisional; boundary corrected against the ROM (audit_boundaries.py)
0x08042B1C,FUN_08042b1c,184,discovered,unknown,"missed by Ghidra; found with tools/discover_functions.py, body not yet reviewed"
0x08042BD4,FUN_08042bd4,138,discovered,unknown,"missed by Ghidra; found with tools/discover_functions.py, body not yet reviewed"
0x08042C60,FUN_08042c60,600,discovered,unknown,"missed by Ghidra; found with tools/discover_functions.py, body not yet reviewed; boundary corrected against the ROM (audit_boundaries.py)"
0x08042EB8,FUN_08042eb8,934,discovered,unknown,"missed by Ghidra; tools/discover_functions.py function pointer, body not yet reviewed"
0x08043260,FUN_08043260,600,discovered,unknown,"missed by Ghidra; found with tools/discover_functions.py, body not yet reviewed; boundary corrected against the ROM (audit_boundaries.py)"
0x080434B8,FUN_080434b8,548,discovered,unknown,"missed by Ghidra; tools/discover_functions.py function pointer, body not yet reviewed; boundary corrected against the ROM (audit_boundaries.py)"
0x080436DC,FUN_080436dc,138,discovered,unknown,"missed by Ghidra; tools/discover_functions.py function pointer, body not yet reviewed"
0x08043768,FUN_08043768,748,discovered,unknown,"missed by Ghidra; found with tools/discover_functions.py, body not yet reviewed; boundary corrected against the ROM (audit_boundaries.py)"
0x08043A54,FUN_08043a54,1332,discovered,unknown,"missed by Ghidra; found with tools/discover_functions.py, body not yet reviewed; boundary corrected against the ROM (audit_boundaries.py)"
0x08043F88,FUN_08043f88,1070,discovered,unknown,"missed by Ghidra; found with tools/discover_functions.py, body not yet reviewed"
0x080443B8,FUN_080443b8,1100,discovered,unknown,"missed by Ghidra; found with tools/discover_functions.py, body not yet reviewed"
0x08044804,FUN_08044804,858,discovered,unknown,"missed by Ghidra; found with tools/discover_functions.py, body not yet reviewed"
0x08044B60,FUN_08044b60,780,discovered,unknown,"missed by Ghidra; found with tools/discover_functions.py, body not yet reviewed"
0x08044E6C,FUN_08044e6c,950,discovered,unknown,"missed by Ghidra; found with tools/discover_functions.py, body not yet reviewed"
0x08045224,FUN_08045224,536,discovered,unknown,"missed by Ghidra; found with tools/discover_functions.py, body not yet reviewed"
0x0804543C,FUN_0804543c,954,discovered,unknown,"missed by Ghidra; found with tools/discover_functions.py, body not yet reviewed"
0x080457F8,FUN_080457f8,144,candidate,unknown,Ghidra auto-analysis; boundary and ARM/Thumb mode are provisional
0x08045888,FUN_08045888,538,discovered,unknown,"missed by Ghidra; found with tools/discover_functions.py, body not yet reviewed"
0x08045AA4,IsTargetNear,540,matching,unknown,verified from a byte-matching C source; boundary and ARM/Thumb mode PROVEN against the ROM
0x08045CC0,FUN_08045cc0,902,discovered,unknown,"missed by Ghidra; found with tools/discover_functions.py, body not yet reviewed"
0x08046048,FUN_08046048,782,candidate,unknown,Ghidra auto-analysis; boundary and ARM/Thumb mode are provisional; boundary corrected against the ROM (audit_boundaries.py)
0x08046358,FUN_08046358,1456,discovered,unknown,"missed by Ghidra; found with tools/discover_functions.py, body not yet reviewed"
0x08046908,FUN_08046908,420,candidate,unknown,Ghidra auto-analysis; boundary and ARM/Thumb mode are provisional; boundary corrected against the ROM (audit_boundaries.py); boundary corrected against the ROM (audit_boundaries.py)
0x08046AAC,FUN_08046aac,1086,candidate,unknown,Ghidra auto-analysis; boundary and ARM/Thumb mode are provisional; boundary corrected against the ROM (audit_boundaries.py)
0x08046EEC,FUN_08046eec,1062,discovered,unknown,"missed by Ghidra; found with tools/discover_functions.py, body not yet reviewed"
0x08047314,FUN_08047314,748,discovered,unknown,"missed by Ghidra; found with tools/discover_functions.py, body not yet reviewed"
0x08047600,ReissueTargetAction,534,matching,unknown,missed by Ghidra; found with tools/discover_functions.py. Body RESOLVED and a byte-matching C source exists
0x08047818,FUN_08047818,492,discovered,unknown,"missed by Ghidra; found with tools/discover_functions.py, body not yet reviewed; boundary corrected against the ROM (audit_boundaries.py)"
0x08047A04,FUN_08047a04,172,discovered,unknown,"missed by Ghidra; tools/discover_functions.py function pointer, body not yet reviewed; boundary corrected against the ROM (audit_boundaries.py)"
0x08047AB0,FUN_08047ab0,848,discovered,unknown,"missed by Ghidra; tools/discover_functions.py function pointer, body not yet reviewed"
0x08047E00,FUN_08047e00,754,discovered,unknown,"missed by Ghidra; found with tools/discover_functions.py, body not yet reviewed"
0x080480F4,FUN_080480f4,836,discovered,unknown,"missed by Ghidra; found with tools/discover_functions.py, body not yet reviewed"
0x08048438,FUN_08048438,836,discovered,unknown,"missed by Ghidra; found with tools/discover_functions.py, body not yet reviewed"
0x0804877C,FUN_0804877c,1958,discovered,unknown,"missed by Ghidra; found with tools/discover_functions.py, body not yet reviewed"
0x08048F24,FUN_08048f24,260,discovered,unknown,"missed by Ghidra; found with tools/discover_functions.py, body not yet reviewed"
0x08049028,FUN_08049028,1268,discovered,unknown,"missed by Ghidra; found with tools/discover_functions.py, body not yet reviewed"
0x0804951C,FUN_0804951c,424,discovered,unknown,"missed by Ghidra; found with tools/discover_functions.py, body not yet reviewed; boundary corrected against the ROM (audit_boundaries.py)"
0x080496C4,FUN_080496c4,624,discovered,unknown,"missed by Ghidra; tools/discover_functions.py function pointer, body not yet reviewed"
0x08049934,FUN_08049934,288,discovered,unknown,"missed by Ghidra; found with tools/discover_functions.py, body not yet reviewed"
0x08049A54,FUN_08049a54,390,discovered,unknown,"missed by Ghidra; found with tools/discover_functions.py, body not yet reviewed"
0x08049BDC,FUN_08049bdc,584,discovered,unknown,"missed by Ghidra; found with tools/discover_functions.py, body not yet reviewed; boundary corrected against the ROM (audit_boundaries.py)"
0x08049E24,FUN_08049e24,1092,candidate,unknown,Ghidra auto-analysis; boundary and ARM/Thumb mode are provisional; boundary corrected against the ROM (audit_boundaries.py); boundary corrected against the ROM (audit_boundaries.py)
0x0804A268,FUN_0804a268,616,candidate,unknown,Ghidra auto-analysis; boundary and ARM/Thumb mode are provisional; boundary corrected against the ROM (audit_boundaries.py); boundary corrected against the ROM (audit_boundaries.py)
0x0804A4D0,FUN_0804a4d0,460,discovered,unknown,"missed by Ghidra; found with tools/discover_functions.py, body not yet reviewed; boundary corrected against the ROM (audit_boundaries.py)"
0x0804A69C,FUN_0804a69c,492,discovered,unknown,"missed by Ghidra; tools/discover_functions.py function pointer, body not yet reviewed; boundary corrected against the ROM (audit_boundaries.py)"
0x0804A888,FUN_0804a888,608,discovered,unknown,"missed by Ghidra; tools/discover_functions.py function pointer, body not yet reviewed; boundary corrected against the ROM (audit_boundaries.py)"
0x0804AAE8,FUN_0804aae8,504,discovered,unknown,"missed by Ghidra; tools/discover_functions.py function pointer, body not yet reviewed; boundary corrected against the ROM (audit_boundaries.py)"
0x0804ACE0,FUN_0804ace0,460,discovered,unknown,"missed by Ghidra; tools/discover_functions.py function pointer, body not yet reviewed; boundary corrected against the ROM (audit_boundaries.py)"
0x0804AEAC,FUN_0804aeac,476,matching,world,Actor target selection; sibling of AdvanceTargetAction; src/world/band_0804aeac.c
0x0804B088,AdvanceTargetAction,564,matching,unknown,"missed by Ghidra; tools/discover_functions.py function pointer, body not yet reviewed"
0x0804B2BC,FUN_0804b2bc,748,discovered,unknown,"missed by Ghidra; found with tools/discover_functions.py, body not yet reviewed"
0x0804B5A8,FUN_0804b5a8,116,discovered,unknown,"missed by Ghidra; found with tools/discover_functions.py, body not yet reviewed"
0x0804B61C,FUN_0804b61c,768,discovered,unknown,"missed by Ghidra; found with tools/discover_functions.py, body not yet reviewed"
0x0804B91C,FUN_0804b91c,874,discovered,unknown,"missed by Ghidra; found with tools/discover_functions.py, body not yet reviewed"
0x0804BC88,FUN_0804bc88,818,discovered,unknown,"missed by Ghidra; found with tools/discover_functions.py, body not yet reviewed"
0x0804BFBC,FUN_0804bfbc,700,discovered,unknown,"missed by Ghidra; found with tools/discover_functions.py, body not yet reviewed"
0x0804C278,FUN_0804c278,434,candidate,unknown,Ghidra auto-analysis; boundary and ARM/Thumb mode are provisional; boundary corrected against the ROM (audit_boundaries.py)
0x0804C42C,FUN_0804c42c,1436,candidate,unknown,Ghidra auto-analysis; boundary and ARM/Thumb mode are provisional; boundary corrected against the ROM (audit_boundaries.py); boundary corrected against the ROM (audit_boundaries.py)
0x0804C9C8,FUN_0804c9c8,616,candidate,unknown,Ghidra auto-analysis; boundary and ARM/Thumb mode are provisional; boundary corrected against the ROM (audit_boundaries.py); boundary corrected against the ROM (audit_boundaries.py)
0x0804CC30,FUN_0804cc30,176,candidate,unknown,Ghidra auto-analysis; boundary and ARM/Thumb mode are provisional; boundary corrected against the ROM (audit_boundaries.py)
0x0804CCE0,FUN_0804cce0,188,candidate,unknown,Ghidra auto-analysis; boundary and ARM/Thumb mode are provisional; boundary corrected against the ROM (audit_boundaries.py)
0x0804CD9C,FUN_0804cd9c,136,discovered,unknown,"missed by Ghidra; found with tools/discover_functions.py, body not yet reviewed; boundary corrected against the ROM (audit_boundaries.py)"
0x0804CE24,FUN_0804ce24,144,candidate,unknown,Ghidra auto-analysis; boundary and ARM/Thumb mode are provisional; boundary corrected against the ROM (audit_boundaries.py)
0x0804CEB4,FUN_0804ceb4,572,candidate,unknown,Ghidra auto-analysis; boundary and ARM/Thumb mode are provisional; boundary corrected against the ROM (audit_boundaries.py); boundary corrected against the ROM (audit_boundaries.py)
0x0804D0F0,FUN_0804d0f0,662,discovered,unknown,"missed by Ghidra; found with tools/discover_functions.py, body not yet reviewed"
0x0804D388,FUN_0804d388,700,discovered,unknown,"missed by Ghidra; found with tools/discover_functions.py, body not yet reviewed"
0x0804D644,FUN_0804d644,664,discovered,unknown,"missed by Ghidra; found with tools/discover_functions.py, body not yet reviewed"
0x0804D8DC,FUN_0804d8dc,576,discovered,unknown,"missed by Ghidra; found with tools/discover_functions.py, body not yet reviewed"
0x0804DB1C,FUN_0804db1c,406,discovered,unknown,"missed by Ghidra; found with tools/discover_functions.py, body not yet reviewed"
0x0804DCB4,FUN_0804dcb4,862,discovered,unknown,"missed by Ghidra; found with tools/discover_functions.py, body not yet reviewed"
0x0804E014,FUN_0804e014,762,discovered,unknown,"missed by Ghidra; found with tools/discover_functions.py, body not yet reviewed"
0x0804E310,FUN_0804e310,296,candidate,unknown,Ghidra auto-analysis; boundary and ARM/Thumb mode are provisional; boundary corrected against the ROM (audit_boundaries.py)
0x0804E438,FUN_0804e438,1200,candidate,unknown,Ghidra auto-analysis; boundary and ARM/Thumb mode are provisional; boundary corrected against the ROM (audit_boundaries.py); boundary corrected against the ROM (audit_boundaries.py)
0x0804E8E8,FUN_0804e8e8,1476,discovered,unknown,"missed by Ghidra; found with tools/discover_functions.py, body not yet reviewed"
0x0804EEAC,FUN_0804eeac,172,candidate,unknown,Ghidra auto-analysis; boundary and ARM/Thumb mode are provisional; boundary corrected against the ROM (audit_boundaries.py)
0x0804EF58,FUN_0804ef58,648,candidate,unknown,Ghidra auto-analysis; boundary and ARM/Thumb mode are provisional; boundary corrected against the ROM (audit_boundaries.py); boundary corrected against the ROM (audit_boundaries.py)
0x0804F1E0,FUN_0804f1e0,1430,discovered,unknown,"missed by Ghidra; tools/discover_functions.py function pointer, body not yet reviewed"
0x0804F778,FUN_0804f778,662,candidate,unknown,Ghidra auto-analysis; boundary and ARM/Thumb mode are provisional; boundary corrected against the ROM (audit_boundaries.py)
0x0804FA10,FUN_0804fa10,52,candidate,unknown,Ghidra auto-analysis; boundary and ARM/Thumb mode are provisional
0x0804FA44,FUN_0804fa44,54,candidate,unknown,Ghidra auto-analysis; boundary and ARM/Thumb mode are provisional
0x0804FA7C,FUN_0804fa7c,36,candidate,unknown,Ghidra auto-analysis; boundary and ARM/Thumb mode are provisional
0x0804FAA0,FUN_0804faa0,72,candidate,unknown,Ghidra auto-analysis; boundary and ARM/Thumb mode are provisional
0x0804FAE8,FUN_0804fae8,48,discovered,unknown,"missed by Ghidra; tools/discover_functions.py call target (certain), body not yet reviewed"
0x0804FB18,FUN_0804fb18,18,discovered,unknown,"missed by Ghidra; tools/discover_functions.py call target (certain), body not yet reviewed"
0x0804FB2C,FUN_0804fb2c,16,discovered,unknown,"missed by Ghidra; found with tools/discover_functions.py, body not yet reviewed"
0x0804FB3C,FUN_0804fb3c,14,candidate,unknown,Ghidra auto-analysis; boundary and ARM/Thumb mode are provisional
0x0804FB4C,FUN_0804fb4c,10,matching,world,byte-matching from C (small function harvest)
0x0804FB58,FUN_0804fb58,96,discovered,unknown,"missed by Ghidra; found with tools/discover_functions.py, body not yet reviewed; boundary corrected against the ROM (audit_boundaries.py)"
0x0804FBD0,FUN_0804fbd0,56,candidate,unknown,Ghidra auto-analysis; boundary and ARM/Thumb mode are provisional; boundary corrected against the ROM (audit_boundaries.py)
0x0804FC48,FUN_0804fc48,404,candidate,unknown,Ghidra auto-analysis; boundary and ARM/Thumb mode are provisional; boundary corrected against the ROM (audit_boundaries.py); boundary corrected against the ROM (audit_boundaries.py)
0x0804FDDC,FUN_0804fddc,56,candidate,unknown,Ghidra auto-analysis; boundary and ARM/Thumb mode are provisional
0x0804FE14,FUN_0804fe14,80,discovered,unknown,"missed by Ghidra; found with tools/discover_functions.py, body not yet reviewed"
0x0804FE64,FUN_0804fe64,120,discovered,unknown,"missed by Ghidra; found with tools/discover_functions.py, body not yet reviewed"
0x0804FEE4,FUN_0804fee4,28,matching,unknown,"missed by Ghidra; found with tools/discover_functions.py, body not yet reviewed"
0x0804FF00,FUN_0804ff00,96,discovered,unknown,"missed by Ghidra; found with tools/discover_functions.py, body not yet reviewed; boundary corrected against the ROM (audit_boundaries.py)"
0x0804FF60,FUN_0804ff60,56,discovered,unknown,"missed by Ghidra; tools/discover_functions.py function pointer, body not yet reviewed"
0x0804FF98,FUN_0804ff98,10,matching,world,"forwarding wrapper; found with tools/find_wrappers.py, byte-matching from C"
0x0804FFA4,FUN_0804ffa4,14,discovered,unknown,"missed by Ghidra; found with tools/discover_functions.py, body not yet reviewed"
0x0804FFB4,FUN_0804ffb4,10,matching,world,"forwarding wrapper; found with tools/find_wrappers.py, byte-matching from C"
0x0804FFD8,FUN_0804ffd8,78,candidate,unknown,Ghidra auto-analysis; boundary and ARM/Thumb mode are provisional
0x08050040,FUN_08050040,62,discovered,unknown,"missed by Ghidra; tools/discover_functions.py function pointer, body not yet reviewed"
0x08050080,FUN_08050080,64,discovered,unknown,"missed by Ghidra; found with tools/discover_functions.py, body not yet reviewed"
0x080500C0,FUN_080500c0,14,discovered,unknown,"missed by Ghidra; found with tools/discover_functions.py, body not yet reviewed"
0x080500D0,FUN_080500d0,10,matching,world,"forwarding wrapper; found with tools/find_wrappers.py, byte-matching from C"
0x080500DC,FUN_080500dc,28,matching,unknown,"missed by Ghidra; found with tools/discover_functions.py, body not yet reviewed"
0x080500F8,FUN_080500f8,16,discovered,unknown,"missed by Ghidra; found with tools/discover_functions.py, body not yet reviewed"
0x08050108,BumpOrTrigger,40,matching,world,byte-matching from a C source; complex harvest
0x08050130,FUN_08050130,96,candidate,unknown,Ghidra auto-analysis; boundary and ARM/Thumb mode are provisional; boundary corrected against the ROM (audit_boundaries.py)
0x08050190,CompareA,28,matching,world,Word comparator; src/world/word_compare.c
0x080501AC,CompareB,28,matching,world,Word comparator; src/world/word_compare.c
0x080501C8,FUN_080501c8,192,candidate,unknown,Ghidra auto-analysis; boundary and ARM/Thumb mode are provisional; boundary corrected against the ROM (audit_boundaries.py)
0x08050288,FUN_08050288,110,candidate,unknown,Ghidra auto-analysis; boundary and ARM/Thumb mode are provisional; boundary corrected against the ROM (audit_boundaries.py)
0x080502F8,FUN_080502f8,290,candidate,unknown,Ghidra auto-analysis; boundary and ARM/Thumb mode are provisional; boundary corrected against the ROM (audit_boundaries.py)
0x0805041C,FUN_0805041c,152,discovered,unknown,"missed by Ghidra; found with tools/discover_functions.py, body not yet reviewed; boundary corrected against the ROM (audit_boundaries.py)"
0x080504B4,FUN_080504b4,392,candidate,unknown,Ghidra auto-analysis; boundary and ARM/Thumb mode are provisional; boundary corrected against the ROM (audit_boundaries.py); boundary corrected against the ROM (audit_boundaries.py)
0x0805063C,FUN_0805063c,440,candidate,unknown,Ghidra auto-analysis; boundary and ARM/Thumb mode are provisional; boundary corrected against the ROM (audit_boundaries.py)
0x080507F4,StepMissionTimer,290,candidate,unknown,Ghidra auto-analysis; boundary and ARM/Thumb mode are provisional; boundary corrected against the ROM (audit_boundaries.py)
0x08050918,ResetAnchorSmall,28,matching,world,Anchor reset; src/world/anchor_reset.c size measured including the tail pool (byte-matching evidence)
0x08050934,ResetAnchorFull,36,matching,world,Anchor reset; src/world/anchor_reset.c size measured including the tail pool (byte-matching evidence)
0x08050958,ResetAnchorPartial,24,matching,world,byte-matching from a C source (MATCH-014); the third of the anchor_reset group
0x08050988,GetAnchorUnk04,12,matching,world,call target certain: the real bl of a VERIFIED forwarding wrapper points here; body is exactly a 12-byte leaf accessor; its pool points at the same symbol as its neighbours (0x02030330); fits the gap exactly
0x08050994,GetBaseAlt,12,matching,world,byte-matching from a C source (MATCH-014)
0x080509A0,AdvanceAnchor,36,matching,world,byte-matching from a C source (MATCH-014 batch group)
0x080509C4,CallWithOffset,24,matching,world,Call wrapper with a void offset; src/world/offset_helpers.c size measured including the tail pool (byte-matching evidence)
0x080509DC,GetBase,12,matching,world,Offset helper; src/world/offset_helpers.c size measured including the tail pool (byte-matching evidence)
0x080509E8,SetSlot,12,matching,world,Offset helper; src/world/offset_helpers.c size measured including the tail pool (byte-matching evidence)
0x080509F4,GetAnchorUnk30,12,matching,world,call target certain: the real bl of a VERIFIED forwarding wrapper points here; body is exactly a 12-byte leaf accessor; its pool points at the same symbol as its neighbours (0x02030330); fits the gap exactly
0x08050A00,GetAnchorUnk34,12,matching,world,byte-matching from a C source (MATCH-014 batch group)
0x08050A0C,CheckCurrentEntity,38,matching,world,byte-matching from a C source; complex function
0x08050A34,IsAnchorSmall,20,matching,world,"conditional constant return; found with tools/find_predicates.py, byte-matching from C"
0x08050A48,FUN_08050a48,68,discovered,unknown,"missed by Ghidra; found with tools/discover_functions.py, body not yet reviewed; boundary corrected against the ROM (audit_boundaries.py)"
0x08050A8C,FUN_08050a8c,754,candidate,unknown,Ghidra auto-analysis; boundary and ARM/Thumb mode are provisional; boundary corrected against the ROM (audit_boundaries.py)
0x08050D80,FUN_08050d80,680,candidate,unknown,Ghidra auto-analysis; boundary and ARM/Thumb mode are provisional; boundary corrected against the ROM (audit_boundaries.py); boundary corrected against the ROM (audit_boundaries.py)
0x0805102C,FUN_0805102c,28,candidate,unknown,Ghidra auto-analysis; boundary and ARM/Thumb mode are provisional; boundary corrected against the ROM (audit_boundaries.py)
0x08051048,NoOp08051048,2,matching,world,ROM BL target from 0805131C; bx lr followed by alignment; independently verified gap
0x0805104C,FUN_0805104c,56,candidate,unknown,Ghidra auto-analysis; boundary and ARM/Thumb mode are provisional
0x08051094,FUN_08051094,30,matching,core,30-byte body plus 2 bytes of alignment reproduce ROM bytes 0x51094-0x510B3 exactly; rule 33 bit test
0x080510B8,FUN_080510b8,32,discovered,unknown,"missed by Ghidra; found with tools/discover_functions.py, body not yet reviewed"
0x080510D8,FUN_080510d8,112,discovered,unknown,"missed by Ghidra; found with tools/discover_functions.py, body not yet reviewed"
0x08051148,FUN_08051148,12,discovered,unknown,"missed by Ghidra; found with tools/discover_functions.py, body not yet reviewed"
0x08051154,FUN_08051154,348,matching,core,Area/record loader; selects the 60-byte ROM record and runs the world setup; src/core/band_08051154.c
0x080512B0,GetRecordIndex,12,matching,world,"leaf accessor; found with tools/find_accessors.py, byte-matching from C"
0x080512BC,FUN_080512bc,68,candidate,unknown,Ghidra auto-analysis; boundary and ARM/Thumb mode are provisional
0x08051300,ResetRecordIndex,28,matching,core,28-byte body reproduces ROM bytes 0x51300-0x5131B exactly; 3600 built with movs/lsls (rule 53)
0x0805131C,FUN_0805131c,62,matching,unknown,"missed by Ghidra; found with tools/discover_functions.py, body not yet reviewed"
0x0805135C,RunFrameStageOne,132,matching,core,Runs the first half of the frame processing chain and updates the diagnostic markers; src/core/frame_dispatch.c
0x080513E0,RunFrameStageTwo,120,matching,core,Runs the second half of the frame processing chain and updates the diagnostic markers; src/core/frame_dispatch.c
0x08051464,FUN_08051464,10,matching,world,"forwarding wrapper; found with tools/find_wrappers.py, byte-matching from C"
0x08051470,FUN_08051470,16,discovered,unknown,"missed by Ghidra; found with tools/discover_functions.py, body not yet reviewed"
0x08051480,ForwardToGetAnchorUnk04,10,matching,world,missed by Ghidra; found with tools/discover_functions.py. Body RESOLVED and a byte-matching C source exists
0x0805148C,IsStateReady,20,matching,world,"conditional constant return; found with tools/find_predicates.py, byte-matching from C"
0x080514C8,GetRecordUnk04,28,matching,misc,Reads a field of the selected 60-byte record as 16.16 fixed point size measured including the tail pool (byte-matching evidence)
0x080514E4,GetRecordUnk08,28,matching,misc,Reads a field of the selected 60-byte record as 16.16 fixed point size measured including the tail pool (byte-matching evidence)
0x08051500,GetRecord,20,matching,misc,Returns the address of a 60-byte record size measured including the tail pool (byte-matching evidence)
0x0805151C,DrainTwoChains,34,matching,world,byte-matching from a C source (MATCH-014 batch group 3)
0x08051540,AdjustAreaPosition,144,matching,core,Corrects the fixed-point position offset when the area depth changes; src/core/adjust_area_position.c
0x080515D0,FUN_080515d0,164,decompiled,core,Marks the coordinate list into the active area cells; 20/164 differences parked; src/core/mark_area_cells.c
0x08051674,FUN_08051674,748,candidate,unknown,Ghidra auto-analysis; boundary and ARM/Thumb mode are provisional; boundary corrected against the ROM (audit_boundaries.py); boundary corrected against the ROM (audit_boundaries.py)
0x08051960,NoOp08051960,2,matching,unknown,verified from a byte-matching C source; boundary and ARM/Thumb mode PROVEN against the ROM
0x08051964,FUN_08051964,84,candidate,unknown,Ghidra auto-analysis; boundary and ARM/Thumb mode are provisional; boundary corrected against the ROM (audit_boundaries.py)
0x080519B8,NoOp080519B8,2,matching,world,ROM BL target from 0805131C; bx lr followed by alignment; independently verified gap
0x080519BC,FUN_080519bc,112,candidate,unknown,Ghidra auto-analysis; boundary and ARM/Thumb mode are provisional; boundary corrected against the ROM (audit_boundaries.py)
0x08051A2C,FUN_08051a2c,100,candidate,unknown,Ghidra auto-analysis; boundary and ARM/Thumb mode are provisional; boundary corrected against the ROM (audit_boundaries.py)
0x08051A90,FUN_08051a90,352,candidate,unknown,Ghidra auto-analysis; boundary and ARM/Thumb mode are provisional; boundary corrected against the ROM (audit_boundaries.py); boundary corrected against the ROM (audit_boundaries.py)
0x08051BF0,FUN_08051bf0,288,candidate,unknown,Ghidra auto-analysis; boundary and ARM/Thumb mode are provisional; boundary corrected against the ROM (audit_boundaries.py); boundary corrected against the ROM (audit_boundaries.py)
0x08051D10,FUN_08051d10,394,candidate,unknown,Ghidra auto-analysis; boundary and ARM/Thumb mode are provisional; boundary corrected against the ROM (audit_boundaries.py)
0x08051E9C,FUN_08051e9c,472,candidate,unknown,Ghidra auto-analysis; boundary and ARM/Thumb mode are provisional; boundary corrected against the ROM (audit_boundaries.py)
0x08052074,FUN_08052074,336,candidate,unknown,Ghidra auto-analysis; boundary and ARM/Thumb mode are provisional; boundary corrected against the ROM (audit_boundaries.py)
0x080521C4,FUN_080521c4,100,candidate,unknown,Ghidra auto-analysis; boundary and ARM/Thumb mode are provisional; boundary corrected against the ROM (audit_boundaries.py)
0x08052228,FUN_08052228,1166,candidate,unknown,Ghidra auto-analysis; boundary and ARM/Thumb mode are provisional; boundary corrected against the ROM (audit_boundaries.py)
0x080526B8,RebuildAreaEntry,152,matching,unknown,verified from a byte-matching C source; boundary and ARM/Thumb mode PROVEN against the ROM
0x08052750,ReleaseAreaNode,216,matching,unknown,verified from a byte-matching C source; boundary and ARM/Thumb mode PROVEN against the ROM
0x08052828,DeactivateAreaNode,352,matching,unknown,verified from a byte-matching C source; boundary and ARM/Thumb mode PROVEN against the ROM
0x08052988,FUN_08052988,562,candidate,unknown,Ghidra auto-analysis; boundary and ARM/Thumb mode are provisional; boundary corrected against the ROM (audit_boundaries.py)
0x08052BBC,AllocateNodeSlots,170,matching,unknown,verified from a byte-matching C source; boundary and ARM/Thumb mode PROVEN against the ROM
0x08052C68,LinkAreaEntryIfEligible,144,matching,unknown,verified from a byte-matching C source; boundary and ARM/Thumb mode PROVEN against the ROM
0x08052CF8,ClearAreaIdArrays,228,matching,unknown,verified from a byte-matching C source; boundary and ARM/Thumb mode PROVEN against the ROM
0x08052DDC,ReleaseEntryNodeRefs,154,matching,unknown,verified from a byte-matching C source; boundary and ARM/Thumb mode PROVEN against the ROM
0x08052E78,ResetAreaIds,440,matching,unknown,missed by Ghidra; found with tools/discover_functions.py. Body RESOLVED and a byte-matching C source exists; boundary corrected against the ROM (audit_boundaries.py)
0x08053030,FUN_08053030,1144,candidate,unknown,Ghidra auto-analysis; boundary and ARM/Thumb mode are provisional; boundary corrected against the ROM (audit_boundaries.py); boundary corrected against the ROM (audit_boundaries.py)
0x080534A8,FUN_080534a8,424,matching,world,Frame step of the world object; allocates the slot and sets up the area records; src/world/band_080534a8.c
0x08053650,PrepareAreaNode,108,matching,unknown,verified from a byte-matching C source; boundary and ARM/Thumb mode PROVEN against the ROM
0x080536BC,ClearObjectIdsAndSlots,216,matching,unknown,verified from a byte-matching C source; boundary and ARM/Thumb mode PROVEN against the ROM
0x08053794,ReleaseObjectNodeRefs,158,matching,unknown,verified from a byte-matching C source; boundary and ARM/Thumb mode PROVEN against the ROM
0x08053834,FUN_08053834,250,candidate,unknown,Ghidra auto-analysis; boundary and ARM/Thumb mode are provisional; boundary corrected against the ROM (audit_boundaries.py)
0x08053930,InitNodeFromDesc,196,matching,unknown,missed by Ghidra; found with tools/discover_functions.py. Body RESOLVED and a byte-matching C source exists; boundary corrected against the ROM (audit_boundaries.py)
0x080539F4,ClearNodeSlotArrays,228,matching,unknown,verified from a byte-matching C source; boundary and ARM/Thumb mode PROVEN against the ROM
0x08053AD8,StepCountdownTimers,108,matching,unknown,verified from a byte-matching C source; boundary and ARM/Thumb mode PROVEN against the ROM
0x08053B44,LoadAreaByName,516,matching,unknown,verified from a byte-matching C source; boundary and ARM/Thumb mode PROVEN against the ROM
0x08053D48,StepNodeLists,176,matching,unknown,verified from a byte-matching C source; boundary and ARM/Thumb mode PROVEN against the ROM
0x08053DF8,SelectNodeForSlot,164,matching,unknown,verified from a byte-matching C source; boundary and ARM/Thumb mode PROVEN against the ROM
0x08053E9C,ReleaseSelectedNode,206,matching,unknown,verified from a byte-matching C source; boundary and ARM/Thumb mode PROVEN against the ROM
0x08053F6C,ResetNodeLinkBits,136,matching,unknown,verified from a byte-matching C source; boundary and ARM/Thumb mode PROVEN against the ROM
0x08053FF4,SpawnNodeObject,292,matching,unknown,function verified by 3 real BL calls and the push prologue; the false start inside the literal at 0x08053FF2 was removed; boundary corrected against the ROM (audit_boundaries.py)
0x08054118,FUN_08054118,696,candidate,unknown,Ghidra auto-analysis; boundary and ARM/Thumb mode are provisional; boundary corrected against the ROM (audit_boundaries.py); boundary corrected against the ROM (audit_boundaries.py)
0x080543D0,FindOrClaimNode,126,matching,unknown,verified from a byte-matching C source; boundary and ARM/Thumb mode PROVEN against the ROM
0x08054450,BuildNodeFreeLists,288,matching,unknown,verified from a byte-matching C source; boundary and ARM/Thumb mode PROVEN against the ROM
0x08054570,GetOrCreateRecordNode,152,matching,unknown,verified from a byte-matching C source; boundary and ARM/Thumb mode PROVEN against the ROM
0x08054608,ResolveRecordNodeChain,196,matching,unknown,verified from a byte-matching C source; boundary and ARM/Thumb mode PROVEN against the ROM
0x080546CC,FindRecordNodeEnd,120,matching,unknown,verified from a byte-matching C source; boundary and ARM/Thumb mode PROVEN against the ROM
0x08054744,FindOrInitAreaNode,164,matching,unknown,verified from a byte-matching C source; boundary and ARM/Thumb mode PROVEN against the ROM
0x080547E8,FindOrRecycleNode,136,matching,unknown,verified from a byte-matching C source; boundary and ARM/Thumb mode PROVEN against the ROM
0x08054870,FUN_08054870,1488,candidate,unknown,Ghidra auto-analysis; boundary and ARM/Thumb mode are provisional; boundary corrected against the ROM (audit_boundaries.py)
0x08054E40,SpawnSelectedForPlayers,220,matching,world,verified from a byte-matching C source; SpawnSelectedForPlayers; spawns the selected node for two players
0x08054F1C,IsNearAnyActor,310,matching,world,verified from a byte-matching C source; IsNearAnyActor; approximate distance test across three lists
0x08055054,FUN_08055054,312,candidate,unknown,Ghidra auto-analysis; boundary and ARM/Thumb mode are provisional; boundary corrected against the ROM (audit_boundaries.py)
0x0805518C,RefreshActiveAreas,328,matching,unknown,verified from a byte-matching C source; boundary and ARM/Thumb mode PROVEN against the ROM
0x080552D4,IsProgressThresholdMet,492,matching,unknown,verified from a byte-matching C source; boundary and ARM/Thumb mode PROVEN against the ROM
0x080554C0,FUN_080554c0,84,candidate,unknown,Ghidra auto-analysis; boundary and ARM/Thumb mode are provisional; boundary corrected against the ROM (audit_boundaries.py)
0x08055514,FUN_08055514,124,candidate,unknown,Ghidra auto-analysis; boundary and ARM/Thumb mode are provisional; boundary corrected against the ROM (audit_boundaries.py); boundary corrected against the ROM (audit_boundaries.py)
0x08055590,FUN_08055590,104,candidate,unknown,Ghidra auto-analysis; boundary and ARM/Thumb mode are provisional
0x080555F8,FUN_080555f8,62,candidate,unknown,Ghidra auto-analysis; boundary and ARM/Thumb mode are provisional
0x0805564C,FUN_0805564c,18,candidate,unknown,Ghidra auto-analysis; boundary and ARM/Thumb mode are provisional
0x08055674,FUN_08055674,38,candidate,unknown,Ghidra auto-analysis; boundary and ARM/Thumb mode are provisional
0x0805569C,FUN_0805569c,36,discovered,unknown,"missed by Ghidra; found with tools/discover_functions.py, body not yet reviewed"
0x080556C0,FUN_080556c0,64,discovered,unknown,"missed by Ghidra; found with tools/discover_functions.py, body not yet reviewed; boundary corrected against the ROM (audit_boundaries.py)"
0x08055720,FUN_08055720,72,candidate,unknown,Ghidra auto-analysis; boundary and ARM/Thumb mode are provisional; boundary corrected against the ROM (audit_boundaries.py)
0x08055768,FUN_08055768,12,discovered,unknown,"missed by Ghidra; tools/discover_functions.py call target (certain), body not yet reviewed; boundary corrected against the ROM (audit_boundaries.py)"
0x08055774,FUN_08055774,56,candidate,unknown,Ghidra auto-analysis; boundary and ARM/Thumb mode are provisional; boundary corrected against the ROM (audit_boundaries.py); boundary corrected against the ROM (audit_boundaries.py)
0x080557AC,FUN_080557ac,60,candidate,unknown,Ghidra auto-analysis; boundary and ARM/Thumb mode are provisional; boundary corrected against the ROM (audit_boundaries.py)
0x080557E8,FUN_080557e8,88,candidate,unknown,Ghidra auto-analysis; boundary and ARM/Thumb mode are provisional; boundary corrected against the ROM (audit_boundaries.py)
0x08055840,FUN_08055840,70,discovered,unknown,"missed by Ghidra; tools/discover_functions.py call target (certain), body not yet reviewed"
0x08055888,FUN_08055888,92,candidate,unknown,Ghidra auto-analysis; boundary and ARM/Thumb mode are provisional; boundary corrected against the ROM (audit_boundaries.py); boundary corrected against the ROM (audit_boundaries.py)
0x080558E4,FUN_080558e4,112,candidate,unknown,Ghidra auto-analysis; boundary and ARM/Thumb mode are provisional; boundary corrected against the ROM (audit_boundaries.py)
0x08055954,FindFreeNode,28,matching,core,"verified from a byte-matching C source; FindFreeNode; twin of FindNode, list head gList02035A80 (find_twins.py)"
0x08055970,ProbeNearbyPosition,144,matching,core,Tests the position at four neighbouring offsets and restores it on failure; src/core/probe_nearby_position.c
0x08055A00,FUN_08055a00,36,candidate,unknown,Ghidra auto-analysis; boundary and ARM/Thumb mode are provisional; boundary corrected against the ROM (audit_boundaries.py)
0x08055A24,ListHasFrame,68,candidate,unknown,"PARKED 2026-09-07 (3 attempts, 14/34): a walk over gList02035A80 with a 0x7FEF sentinel, 1 when +0x30 == arg. in the ROM the loop is entered with `b TEST` and the first iteration is NOT PEELED; with the while+ternary macro form, agbcc propagates the node==0 information into the first iteration and splits TEST in two (a static helper is not inlined at -O2 and emits a bl). Ghidra auto-analysis; boundary and ARM/Thumb mode are provisional; boundary corrected against the ROM (audit_boundaries.py)"
0x08055A68,RandomizeCoords,44,matching,world,Node lookup / id query; src/world/node_search.c size measured including the tail pool (byte-matching evidence)
0x08055A94,FindNodeAfter,20,matching,world,Node lookup / id query; src/world/node_search.c
0x08055AA8,FindNode,28,matching,world,Node lookup / id query; src/world/node_search.c size measured including the tail pool (byte-matching evidence)
0x08055AC4,ClassifyId,52,matching,world,Node lookup / id query; src/world/node_search.c
0x08055AF8,QueryEntity,60,matching,world,Entity kind and sub-target flag query; src/world/entity_query.c
0x08055B34,EngageActor,74,matching,world,"byte-matching from a C source; two-gate actor activation, labelled control flow"
0x08055BBC,RefreshThenNotify,44,matching,world,byte-matching from a C source; complex function
0x08055BE8,FUN_08055be8,14,candidate,unknown,Ghidra auto-analysis; boundary and ARM/Thumb mode are provisional
0x08055BF8,ForwardZeroArg2,12,matching,world,byte-matching from a C source (MATCH-014 batch group 4)
0x08055C04,ReleaseNodeSlots,136,matching,unknown,verified from a byte-matching C source; boundary and ARM/Thumb mode PROVEN against the ROM
0x08055C8C,FindNthFreeSlot,58,matching,world,Slot scanner; src/world/slot_scan.c
0x08055CC8,ClearSlots,64,matching,world,Slot scanner; src/world/slot_scan.c size measured including the tail pool (byte-matching evidence)
0x08055D08,GetEntrySlot,16,matching,world,Slot table; src/world/slot_table.c size measured including the tail pool (byte-matching evidence)
0x08055D18,FindFreeSlotRun,60,matching,world,Slot table; src/world/slot_table.c
0x08055D54,FillSlotsWithNone,60,matching,world,Slot table; src/world/slot_table.c size measured including the tail pool (byte-matching evidence)
0x08055D90,FUN_08055d90,98,candidate,unknown,Ghidra auto-analysis; boundary and ARM/Thumb mode are provisional; boundary corrected against the ROM (audit_boundaries.py)
0x08055DF4,FUN_08055df4,96,discovered,unknown,"missed by Ghidra; found with tools/discover_functions.py, body not yet reviewed"
0x08055FB8,FUN_08055fb8,60,discovered,unknown,"missed by Ghidra; found with tools/discover_functions.py, body not yet reviewed"
0x08055FF4,FUN_08055ff4,84,discovered,unknown,"missed by Ghidra; found with tools/discover_functions.py, body not yet reviewed; boundary corrected against the ROM (audit_boundaries.py)"
0x08056048,FUN_08056048,62,candidate,unknown,Ghidra auto-analysis; boundary and ARM/Thumb mode are provisional
0x080560B4,FUN_080560b4,144,candidate,unknown,Ghidra auto-analysis; boundary and ARM/Thumb mode are provisional; boundary corrected against the ROM (audit_boundaries.py)
0x08056144,FUN_08056144,36,candidate,unknown,Ghidra auto-analysis; boundary and ARM/Thumb mode are provisional; boundary corrected against the ROM (audit_boundaries.py)
0x080561AC,FUN_080561ac,20,candidate,unknown,Ghidra auto-analysis; boundary and ARM/Thumb mode are provisional; boundary corrected against the ROM (audit_boundaries.py)
0x080561C0,FUN_080561c0,78,candidate,unknown,Ghidra auto-analysis; boundary and ARM/Thumb mode are provisional
0x08056210,FUN_08056210,112,discovered,unknown,"missed by Ghidra; found with tools/discover_functions.py, body not yet reviewed"
0x08056280,FUN_08056280,124,discovered,unknown,"missed by Ghidra; found with tools/discover_functions.py, body not yet reviewed; boundary corrected against the ROM (audit_boundaries.py)"
0x080562FC,FUN_080562fc,40,candidate,unknown,Ghidra auto-analysis; boundary and ARM/Thumb mode are provisional; boundary corrected against the ROM (audit_boundaries.py)
0x08056324,FUN_08056324,80,candidate,unknown,Ghidra auto-analysis; boundary and ARM/Thumb mode are provisional; boundary corrected against the ROM (audit_boundaries.py); boundary corrected against the ROM (audit_boundaries.py)
0x08056374,FUN_08056374,72,candidate,unknown,Ghidra auto-analysis; boundary and ARM/Thumb mode are provisional; boundary corrected against the ROM (audit_boundaries.py)
0x080563BC,NoOp080563BC,2,matching,unknown,verified from a byte-matching C source; boundary and ARM/Thumb mode PROVEN against the ROM
0x080563C0,FUN_080563c0,124,decompiled,core,Counts the area records by a two-byte key; 95/124 differences parked; src/core/count_area_entries.c
0x0805643C,ResetRuntimeGlobals,204,matching,core,Zeroes the independent global state fields used at runtime; src/core/reset_runtime_globals.c
0x08056508,FUN_08056508,112,candidate,unknown,Ghidra auto-analysis; boundary and ARM/Thumb mode are provisional
0x08056578,FUN_08056578,92,discovered,unknown,"missed by Ghidra; found with tools/discover_functions.py, body not yet reviewed"
0x080565D4,FUN_080565d4,104,discovered,unknown,"missed by Ghidra; found with tools/discover_functions.py, body not yet reviewed"
0x0805663C,FUN_0805663c,94,discovered,unknown,"missed by Ghidra; found with tools/discover_functions.py, body not yet reviewed"
0x0805669C,FUN_0805669c,630,discovered,unknown,"missed by Ghidra; found with tools/discover_functions.py, body not yet reviewed"
0x08056914,FUN_08056914,450,discovered,unknown,"missed by Ghidra; found with tools/discover_functions.py, body not yet reviewed"
0x08056AD8,FUN_08056ad8,422,discovered,unknown,"missed by Ghidra; found with tools/discover_functions.py, body not yet reviewed"
0x08056C80,FUN_08056c80,92,candidate,unknown,Ghidra auto-analysis; boundary and ARM/Thumb mode are provisional; boundary corrected against the ROM (audit_boundaries.py)
0x08056CDC,FUN_08056cdc,116,discovered,unknown,"missed by Ghidra; found with tools/discover_functions.py, body not yet reviewed"
0x08056D50,FUN_08056d50,746,candidate,unknown,Ghidra auto-analysis; boundary and ARM/Thumb mode are provisional; boundary corrected against the ROM (audit_boundaries.py)
0x0805703C,FUN_0805703c,164,discovered,unknown,"missed by Ghidra; found with tools/discover_functions.py, body not yet reviewed; boundary corrected against the ROM (audit_boundaries.py)"
0x080570E0,FUN_080570e0,392,discovered,unknown,"missed by Ghidra; found with tools/discover_functions.py, body not yet reviewed; boundary corrected against the ROM (audit_boundaries.py)"
0x08057268,FUN_08057268,276,discovered,unknown,"missed by Ghidra; tools/discover_functions.py call target (certain), body not yet reviewed; boundary corrected against the ROM (audit_boundaries.py)"
0x0805737C,FUN_0805737c,518,candidate,unknown,Ghidra auto-analysis; boundary and ARM/Thumb mode are provisional; boundary corrected against the ROM (audit_boundaries.py)
0x08057584,FUN_08057584,170,discovered,unknown,"missed by Ghidra; found with tools/discover_functions.py, body not yet reviewed"
0x08057630,FUN_08057630,512,discovered,unknown,"missed by Ghidra; found with tools/discover_functions.py, body not yet reviewed"
0x08057830,FUN_08057830,306,discovered,unknown,"missed by Ghidra; found with tools/discover_functions.py, body not yet reviewed"
0x08057964,FUN_08057964,160,discovered,unknown,"missed by Ghidra; found with tools/discover_functions.py, body not yet reviewed; boundary corrected against the ROM (audit_boundaries.py)"
0x08057A04,FUN_08057a04,204,candidate,unknown,Ghidra auto-analysis; boundary and ARM/Thumb mode are provisional; boundary corrected against the ROM (audit_boundaries.py); boundary corrected against the ROM (audit_boundaries.py)
0x08057AD0,FUN_08057ad0,184,candidate,unknown,Ghidra auto-analysis; boundary and ARM/Thumb mode are provisional; boundary corrected against the ROM (audit_boundaries.py); boundary corrected against the ROM (audit_boundaries.py)
0x08057B88,FUN_08057b88,264,candidate,unknown,Ghidra auto-analysis; boundary and ARM/Thumb mode are provisional; boundary corrected against the ROM (audit_boundaries.py)
0x08057C90,FUN_08057c90,140,discovered,unknown,"missed by Ghidra; found with tools/discover_functions.py, body not yet reviewed"
0x08057D1C,FUN_08057d1c,228,discovered,unknown,"missed by Ghidra; found with tools/discover_functions.py, body not yet reviewed"
0x08057E00,FUN_08057e00,146,discovered,unknown,"missed by Ghidra; found with tools/discover_functions.py, body not yet reviewed"
0x08057E94,FUN_08057e94,248,discovered,unknown,"missed by Ghidra; found with tools/discover_functions.py, body not yet reviewed"
0x08057F8C,FUN_08057f8c,280,discovered,unknown,"missed by Ghidra; found with tools/discover_functions.py, body not yet reviewed"
0x080580A4,FUN_080580a4,154,discovered,unknown,"missed by Ghidra; found with tools/discover_functions.py, body not yet reviewed"
0x08058140,FUN_08058140,116,matching,unknown,"missed by Ghidra; found with tools/discover_functions.py, body not yet reviewed"
0x080581B4,FUN_080581b4,116,matching,unknown,"missed by Ghidra; found with tools/discover_functions.py, body not yet reviewed"
0x08058228,FUN_08058228,188,discovered,unknown,"missed by Ghidra; found with tools/discover_functions.py, body not yet reviewed"
0x080582E4,FUN_080582e4,204,discovered,unknown,"missed by Ghidra; found with tools/discover_functions.py, body not yet reviewed"
0x080583B0,FUN_080583b0,320,discovered,unknown,"missed by Ghidra; found with tools/discover_functions.py, body not yet reviewed"
0x080584F0,FUN_080584f0,200,discovered,unknown,"missed by Ghidra; found with tools/discover_functions.py, body not yet reviewed"
0x080585B8,FUN_080585b8,924,discovered,unknown,"missed by Ghidra; found with tools/discover_functions.py, body not yet reviewed"
0x08058954,FUN_08058954,330,discovered,unknown,"missed by Ghidra; found with tools/discover_functions.py, body not yet reviewed"
0x08058AA0,FUN_08058aa0,260,discovered,unknown,"missed by Ghidra; found with tools/discover_functions.py, body not yet reviewed; boundary corrected against the ROM (audit_boundaries.py)"
0x08058BA4,FUN_08058ba4,476,discovered,unknown,"missed by Ghidra; found with tools/discover_functions.py, body not yet reviewed"
0x08058D80,FUN_08058d80,308,discovered,unknown,"missed by Ghidra; found with tools/discover_functions.py, body not yet reviewed; boundary corrected against the ROM (audit_boundaries.py)"
0x08058EB4,FUN_08058eb4,728,discovered,unknown,"missed by Ghidra; found with tools/discover_functions.py, body not yet reviewed"
0x0805918C,FUN_0805918c,184,discovered,unknown,"missed by Ghidra; found with tools/discover_functions.py, body not yet reviewed; boundary corrected against the ROM (audit_boundaries.py)"
0x08059244,FUN_08059244,204,discovered,unknown,"missed by Ghidra; tools/discover_functions.py function pointer, body not yet reviewed; boundary corrected against the ROM (audit_boundaries.py)"
0x08059310,FUN_08059310,180,discovered,unknown,"missed by Ghidra; tools/discover_functions.py function pointer, body not yet reviewed; boundary corrected against the ROM (audit_boundaries.py)"
0x080593C4,FUN_080593c4,152,candidate,unknown,Ghidra auto-analysis; boundary and ARM/Thumb mode are provisional; boundary corrected against the ROM (audit_boundaries.py)
0x0805945C,FUN_0805945c,332,candidate,unknown,Ghidra auto-analysis; boundary and ARM/Thumb mode are provisional; boundary corrected against the ROM (audit_boundaries.py); boundary corrected against the ROM (audit_boundaries.py)
0x080595A8,FUN_080595a8,168,candidate,unknown,Ghidra auto-analysis; boundary and ARM/Thumb mode are provisional; boundary corrected against the ROM (audit_boundaries.py); boundary corrected against the ROM (audit_boundaries.py)
0x08059650,FUN_08059650,210,candidate,unknown,Ghidra auto-analysis; boundary and ARM/Thumb mode are provisional; boundary corrected against the ROM (audit_boundaries.py)
0x08059724,FUN_08059724,244,discovered,unknown,"missed by Ghidra; found with tools/discover_functions.py, body not yet reviewed; boundary corrected against the ROM (audit_boundaries.py)"
0x08059818,FUN_08059818,388,candidate,unknown,Ghidra auto-analysis; boundary and ARM/Thumb mode are provisional; boundary corrected against the ROM (audit_boundaries.py)
0x0805999C,FUN_0805999c,200,candidate,unknown,Ghidra auto-analysis; boundary and ARM/Thumb mode are provisional; boundary corrected against the ROM (audit_boundaries.py)
0x08059A64,FUN_08059a64,126,discovered,unknown,"missed by Ghidra; tools/discover_functions.py function pointer, body not yet reviewed"
0x08059AE4,FUN_08059ae4,20,discovered,unknown,"missed by Ghidra; found with tools/discover_functions.py, body not yet reviewed"
0x08059AF8,FUN_08059af8,96,discovered,unknown,"missed by Ghidra; found with tools/discover_functions.py, body not yet reviewed"
0x08059B58,FUN_08059b58,56,discovered,unknown,"missed by Ghidra; found with tools/discover_functions.py, body not yet reviewed"
0x08059B90,FUN_08059b90,182,discovered,unknown,"missed by Ghidra; found with tools/discover_functions.py, body not yet reviewed"
0x08059C48,FUN_08059c48,60,discovered,unknown,"missed by Ghidra; found with tools/discover_functions.py, body not yet reviewed"
0x08059C84,FUN_08059c84,30,discovered,unknown,"missed by Ghidra; found with tools/discover_functions.py, body not yet reviewed"
0x08059CA4,FUN_08059ca4,108,discovered,unknown,"missed by Ghidra; found with tools/discover_functions.py, body not yet reviewed"
0x08059D10,FUN_08059d10,58,discovered,unknown,"missed by Ghidra; found with tools/discover_functions.py, body not yet reviewed"
0x08059D4C,FUN_08059d4c,48,discovered,unknown,"missed by Ghidra; found with tools/discover_functions.py, body not yet reviewed"
0x08059D7C,ForwardToGetAnchorUnk30,10,matching,world,missed by Ghidra; found with tools/discover_functions.py. Body RESOLVED and a byte-matching C source exists
0x08059D88,FUN_08059d88,12,discovered,unknown,"missed by Ghidra; found with tools/discover_functions.py, body not yet reviewed"
0x08059D94,FUN_08059d94,88,discovered,unknown,"missed by Ghidra; found with tools/discover_functions.py, body not yet reviewed"
0x08059DEC,FUN_08059dec,92,discovered,unknown,"missed by Ghidra; found with tools/discover_functions.py, body not yet reviewed; boundary corrected against the ROM (audit_boundaries.py)"
0x08059E48,FUN_08059e48,32,discovered,unknown,"missed by Ghidra; tools/discover_functions.py function pointer, body not yet reviewed"
0x08059E68,FUN_08059e68,22,discovered,unknown,"missed by Ghidra; found with tools/discover_functions.py, body not yet reviewed"
0x08059E80,FUN_08059e80,44,discovered,unknown,"missed by Ghidra; found with tools/discover_functions.py, body not yet reviewed"
0x08059EAC,FUN_08059eac,146,discovered,unknown,"missed by Ghidra; found with tools/discover_functions.py, body not yet reviewed"
0x08059F40,FUN_08059f40,36,discovered,unknown,"missed by Ghidra; found with tools/discover_functions.py, body not yet reviewed"
0x08059F64,FUN_08059f64,40,discovered,unknown,"missed by Ghidra; found with tools/discover_functions.py, body not yet reviewed; boundary corrected against the ROM (audit_boundaries.py)"
0x08059F8C,FUN_08059f8c,44,discovered,unknown,"missed by Ghidra; tools/discover_functions.py function pointer, body not yet reviewed; boundary corrected against the ROM (audit_boundaries.py)"
0x08059FE8,FUN_08059fe8,58,matching,unknown,"missed by Ghidra; found with tools/discover_functions.py, body not yet reviewed"
0x0805A024,FUN_0805a024,28,discovered,unknown,"missed by Ghidra; found with tools/discover_functions.py, body not yet reviewed; boundary corrected against the ROM (audit_boundaries.py)"
0x0805A070,FUN_0805a070,58,matching,unknown,"missed by Ghidra; found with tools/discover_functions.py, body not yet reviewed"
0x0805A0AC,FUN_0805a0ac,18,discovered,unknown,"missed by Ghidra; found with tools/discover_functions.py, body not yet reviewed"
0x0805A0C0,FUN_0805a0c0,60,candidate,unknown,Ghidra auto-analysis; boundary and ARM/Thumb mode are provisional; boundary corrected against the ROM (audit_boundaries.py)
0x0805A0FC,FUN_0805a0fc,22,discovered,unknown,"missed by Ghidra; found with tools/discover_functions.py, body not yet reviewed"
0x0805A114,FUN_0805a114,22,discovered,unknown,"missed by Ghidra; found with tools/discover_functions.py, body not yet reviewed"
0x0805A12C,FUN_0805a12c,20,discovered,unknown,"missed by Ghidra; found with tools/discover_functions.py, body not yet reviewed"
0x0805A140,FUN_0805a140,104,discovered,unknown,"missed by Ghidra; found with tools/discover_functions.py, body not yet reviewed"
0x0805A1A8,FUN_0805a1a8,46,discovered,unknown,"missed by Ghidra; found with tools/discover_functions.py, body not yet reviewed"
0x0805A1D8,FUN_0805a1d8,26,discovered,unknown,"missed by Ghidra; found with tools/discover_functions.py, body not yet reviewed"
0x0805A1F4,FUN_0805a1f4,38,candidate,unknown,Ghidra auto-analysis; boundary and ARM/Thumb mode are provisional; boundary corrected against the ROM (audit_boundaries.py)
0x0805A220,FUN_0805a220,40,discovered,unknown,"missed by Ghidra; found with tools/discover_functions.py, body not yet reviewed"
0x0805A248,FUN_0805a248,44,discovered,unknown,"missed by Ghidra; found with tools/discover_functions.py, body not yet reviewed"
0x0805A274,FUN_0805a274,34,discovered,unknown,"missed by Ghidra; found with tools/discover_functions.py, body not yet reviewed"
0x0805A298,FUN_0805a298,92,discovered,unknown,"missed by Ghidra; found with tools/discover_functions.py, body not yet reviewed"
0x0805A2F4,FUN_0805a2f4,36,discovered,unknown,"missed by Ghidra; found with tools/discover_functions.py, body not yet reviewed"
0x0805A318,FUN_0805a318,34,discovered,unknown,"missed by Ghidra; found with tools/discover_functions.py, body not yet reviewed"
0x0805A450,FUN_0805a450,68,discovered,unknown,"missed by Ghidra; tools/discover_functions.py function pointer, body not yet reviewed; boundary corrected against the ROM (audit_boundaries.py)"
0x0805A494,FUN_0805a494,96,discovered,unknown,"missed by Ghidra; found with tools/discover_functions.py, body not yet reviewed; boundary corrected against the ROM (audit_boundaries.py)"
0x0805A4F4,ForwardToHalvesEqual,10,matching,world,"forwarding wrapper; found with tools/find_wrappers.py, byte-matching from C"
0x0805A500,FUN_0805a500,12,discovered,unknown,"missed by Ghidra; found with tools/discover_functions.py, body not yet reviewed"
0x0805A50C,FUN_0805a50c,82,discovered,unknown,"missed by Ghidra; found with tools/discover_functions.py, body not yet reviewed"
0x0805A78C,FUN_0805a78c,20,discovered,unknown,"missed by Ghidra; tools/discover_functions.py function pointer, body not yet reviewed"
0x0805A7A0,FUN_0805a7a0,132,discovered,unknown,"missed by Ghidra; found with tools/discover_functions.py, body not yet reviewed; boundary corrected against the ROM (audit_boundaries.py)"
0x0805A824,FUN_0805a824,92,discovered,unknown,"missed by Ghidra; found with tools/discover_functions.py, body not yet reviewed; boundary corrected against the ROM (audit_boundaries.py)"
0x0805A880,FUN_0805a880,168,discovered,unknown,"missed by Ghidra; found with tools/discover_functions.py, body not yet reviewed; boundary corrected against the ROM (audit_boundaries.py)"
0x0805A928,FUN_0805a928,76,discovered,unknown,"missed by Ghidra; found with tools/discover_functions.py, body not yet reviewed; boundary corrected against the ROM (audit_boundaries.py)"
0x0805A974,FUN_0805a974,50,discovered,unknown,"missed by Ghidra; found with tools/discover_functions.py, body not yet reviewed"
0x0805A9A8,FUN_0805a9a8,114,discovered,unknown,"missed by Ghidra; found with tools/discover_functions.py, body not yet reviewed"
0x0805AA1C,FUN_0805aa1c,20,discovered,unknown,"missed by Ghidra; found with tools/discover_functions.py, body not yet reviewed"
0x0805AA30,FUN_0805aa30,120,discovered,unknown,"missed by Ghidra; found with tools/discover_functions.py, body not yet reviewed; boundary corrected against the ROM (audit_boundaries.py)"
0x0805AAA8,FUN_0805aaa8,52,discovered,unknown,"missed by Ghidra; tools/discover_functions.py function pointer, body not yet reviewed; boundary corrected against the ROM (audit_boundaries.py)"
0x0805AB04,FUN_0805ab04,16,discovered,unknown,"missed by Ghidra; found with tools/discover_functions.py, body not yet reviewed"
0x0805AB18,FUN_0805ab18,44,discovered,unknown,"missed by Ghidra; found with tools/discover_functions.py, body not yet reviewed"
0x0805AB44,FUN_0805ab44,50,discovered,unknown,"missed by Ghidra; found with tools/discover_functions.py, body not yet reviewed"
0x0805AB78,NoOp0805AB78,2,matching,unknown,verified from a byte-matching C source; boundary and ARM/Thumb mode PROVEN against the ROM
0x0805AB7C,FUN_0805ab7c,20,candidate,unknown,Ghidra auto-analysis; boundary and ARM/Thumb mode are provisional
0x0805AB90,FUN_0805ab90,76,matching,unknown,verified from a byte-matching C source; boundary and ARM/Thumb mode PROVEN against the ROM; boundary corrected against the ROM (audit_boundaries.py)
0x0805ABDC,FUN_0805abdc,52,matching,unknown,verified from a byte-matching C source; boundary and ARM/Thumb mode PROVEN against the ROM; boundary corrected against the ROM (audit_boundaries.py)
0x0805AC10,FUN_0805ac10,52,matching,unknown,verified from a byte-matching C source; boundary and ARM/Thumb mode PROVEN against the ROM; boundary corrected against the ROM (audit_boundaries.py)
0x0805AC44,CopySrcToDest,12,matching,world,Saturating counter; src/world/counter_saturate.c size measured including the tail pool (byte-matching evidence)
0x0805AC50,BumpOrReset,56,matching,world,Saturating counter with a conditional reset; src/world/bump_or_reset.c size measured including the tail pool (byte-matching evidence)
0x0805AC94,LinkObjectPair,124,matching,world,Updates the object link and the state bits of two control blocks; src/world/link_objects.c
0x0805AD10,FUN_0805ad10,86,matching,unknown,verified from a byte-matching C source; boundary and ARM/Thumb mode PROVEN against the ROM
0x0805AD68,FUN_0805ad68,86,matching,unknown,"missed by Ghidra; found with tools/discover_functions.py, body not yet reviewed"
0x0805ADC0,FUN_0805adc0,70,discovered,unknown,"missed by Ghidra; found with tools/discover_functions.py, body not yet reviewed"
0x0805AE08,FUN_0805ae08,36,discovered,unknown,"missed by Ghidra; found with tools/discover_functions.py, body not yet reviewed"
0x0805AE2C,FUN_0805ae2c,34,discovered,unknown,"missed by Ghidra; found with tools/discover_functions.py, body not yet reviewed"
0x0805AE50,FUN_0805ae50,38,discovered,unknown,"missed by Ghidra; found with tools/discover_functions.py, body not yet reviewed"
0x0805AE78,FUN_0805ae78,38,discovered,unknown,"missed by Ghidra; found with tools/discover_functions.py, body not yet reviewed"
0x0805AEA0,FUN_0805aea0,46,discovered,unknown,"missed by Ghidra; found with tools/discover_functions.py, body not yet reviewed"
0x0805AED0,FUN_0805aed0,42,discovered,unknown,"missed by Ghidra; found with tools/discover_functions.py, body not yet reviewed"
0x0805AEFC,FUN_0805aefc,76,matching,unknown,verified from a byte-matching C source; boundary and ARM/Thumb mode PROVEN against the ROM; boundary corrected against the ROM (audit_boundaries.py)
0x0805AF48,FUN_0805af48,64,candidate,unknown,Ghidra auto-analysis; boundary and ARM/Thumb mode are provisional; boundary corrected against the ROM (audit_boundaries.py)
0x0805AF88,FUN_0805af88,56,discovered,unknown,"missed by Ghidra; found with tools/discover_functions.py, body not yet reviewed"
0x0805AFC0,FUN_0805afc0,98,discovered,unknown,"missed by Ghidra; found with tools/discover_functions.py, body not yet reviewed"
0x0805B024,FUN_0805b024,60,discovered,unknown,"missed by Ghidra; found with tools/discover_functions.py, body not yet reviewed"
0x0805B060,FUN_0805b060,100,discovered,unknown,"missed by Ghidra; found with tools/discover_functions.py, body not yet reviewed; boundary corrected against the ROM (audit_boundaries.py)"
0x0805B0C4,FUN_0805b0c4,20,discovered,unknown,"missed by Ghidra; tools/discover_functions.py function pointer, body not yet reviewed"
0x0805B0D8,FUN_0805b0d8,20,discovered,unknown,"missed by Ghidra; found with tools/discover_functions.py, body not yet reviewed"
0x0805B0EC,FUN_0805b0ec,38,discovered,unknown,"missed by Ghidra; found with tools/discover_functions.py, body not yet reviewed"
0x0805B11C,FUN_0805b11c,12,candidate,unknown,Ghidra auto-analysis; boundary and ARM/Thumb mode are provisional
0x0805B128,FUN_0805b128,12,discovered,unknown,"missed by Ghidra; found with tools/discover_functions.py, body not yet reviewed"
0x0805B1AC,FUN_0805b1ac,20,discovered,unknown,"missed by Ghidra; tools/discover_functions.py function pointer, body not yet reviewed"
0x0805B1C0,FUN_0805b1c0,84,candidate,unknown,Ghidra auto-analysis; boundary and ARM/Thumb mode are provisional; boundary corrected against the ROM (audit_boundaries.py)
0x0805B214,FUN_0805b214,16,discovered,unknown,"missed by Ghidra; tools/discover_functions.py call target (certain), body not yet reviewed; boundary corrected against the ROM (audit_boundaries.py)"
0x0805B224,FUN_0805b224,126,discovered,unknown,"missed by Ghidra; tools/discover_functions.py function pointer, body not yet reviewed"
0x0805B2A4,FUN_0805b2a4,24,matching,unknown,"missed by Ghidra; found with tools/discover_functions.py, body not yet reviewed"
0x0805B2BC,FUN_0805b2bc,42,discovered,unknown,"missed by Ghidra; found with tools/discover_functions.py, body not yet reviewed"
0x0805B30C,FUN_0805b30c,122,discovered,unknown,"missed by Ghidra; found with tools/discover_functions.py, body not yet reviewed"
0x0805B388,FUN_0805b388,130,matching,unknown,"missed by Ghidra; found with tools/discover_functions.py, body not yet reviewed"
0x0805B40C,FUN_0805b40c,118,discovered,unknown,"missed by Ghidra; found with tools/discover_functions.py, body not yet reviewed"
0x0805B484,FUN_0805b484,130,matching,unknown,"missed by Ghidra; found with tools/discover_functions.py, body not yet reviewed"
0x0805B53C,FUN_0805b53c,44,discovered,unknown,"missed by Ghidra; found with tools/discover_functions.py, body not yet reviewed"
0x0805B578,FUN_0805b578,108,discovered,unknown,"missed by Ghidra; found with tools/discover_functions.py, body not yet reviewed; boundary corrected against the ROM (audit_boundaries.py)"
0x0805B60C,FUN_0805b60c,56,candidate,unknown,Ghidra auto-analysis; boundary and ARM/Thumb mode are provisional
0x0805B644,FUN_0805b644,128,discovered,unknown,"missed by Ghidra; found with tools/discover_functions.py, body not yet reviewed; boundary corrected against the ROM (audit_boundaries.py)"
0x0805B6C4,FUN_0805b6c4,48,discovered,unknown,"missed by Ghidra; tools/discover_functions.py function pointer, body not yet reviewed"
0x0805B6F4,FUN_0805b6f4,60,discovered,unknown,"missed by Ghidra; found with tools/discover_functions.py, body not yet reviewed; boundary corrected against the ROM (audit_boundaries.py)"
0x0805B760,FUN_0805b760,16,discovered,unknown,"missed by Ghidra; tools/discover_functions.py function pointer, body not yet reviewed"
0x0805B770,FUN_0805b770,14,discovered,unknown,"missed by Ghidra; found with tools/discover_functions.py, body not yet reviewed"
0x0805B780,FUN_0805b780,14,discovered,unknown,"missed by Ghidra; found with tools/discover_functions.py, body not yet reviewed"
0x0805B790,FUN_0805b790,14,discovered,unknown,"missed by Ghidra; found with tools/discover_functions.py, body not yet reviewed"
0x0805B7B4,FUN_0805b7b4,48,candidate,unknown,Ghidra auto-analysis; boundary and ARM/Thumb mode are provisional; boundary corrected against the ROM (audit_boundaries.py); boundary corrected against the ROM (audit_boundaries.py)
0x0805B7E4,FUN_0805b7e4,56,candidate,unknown,Ghidra auto-analysis; boundary and ARM/Thumb mode are provisional; boundary corrected against the ROM (audit_boundaries.py); boundary corrected against the ROM (audit_boundaries.py)
0x0805B854,FUN_0805b854,24,matching,unknown,verified from a byte-matching C source; boundary and ARM/Thumb mode PROVEN against the ROM
0x0805B86C,FUN_0805b86c,100,discovered,unknown,"missed by Ghidra; found with tools/discover_functions.py, body not yet reviewed; boundary corrected against the ROM (audit_boundaries.py)"
0x0805B908,FUN_0805b908,12,discovered,unknown,"missed by Ghidra; tools/discover_functions.py function pointer, body not yet reviewed"
0x0805B920,FUN_0805b920,42,discovered,unknown,"missed by Ghidra; tools/discover_functions.py function pointer, body not yet reviewed"
0x0805B94C,FUN_0805b94c,58,candidate,unknown,Ghidra auto-analysis; boundary and ARM/Thumb mode are provisional
0x0805B9BC,FUN_0805b9bc,38,discovered,unknown,"missed by Ghidra; found with tools/discover_functions.py, body not yet reviewed"
0x0805B9E4,FUN_0805b9e4,18,discovered,unknown,"missed by Ghidra; found with tools/discover_functions.py, body not yet reviewed"
0x0805B9F8,FUN_0805b9f8,12,discovered,unknown,"missed by Ghidra; found with tools/discover_functions.py, body not yet reviewed"
0x0805BA10,FUN_0805ba10,112,discovered,unknown,"missed by Ghidra; tools/discover_functions.py function pointer, body not yet reviewed; boundary corrected against the ROM (audit_boundaries.py)"
0x0805BA80,FUN_0805ba80,372,discovered,unknown,"missed by Ghidra; tools/discover_functions.py call target (certain), body not yet reviewed"
0x0805BBF4,FUN_0805bbf4,484,discovered,unknown,"missed by Ghidra; found with tools/discover_functions.py, body not yet reviewed"
0x0805BDD8,FUN_0805bdd8,258,discovered,unknown,"missed by Ghidra; found with tools/discover_functions.py, body not yet reviewed"
0x0805BEDC,FUN_0805bedc,420,candidate,unknown,Ghidra auto-analysis; boundary and ARM/Thumb mode are provisional; boundary corrected against the ROM (audit_boundaries.py)
0x0805C080,FUN_0805c080,180,candidate,unknown,Ghidra auto-analysis; boundary and ARM/Thumb mode are provisional; boundary corrected against the ROM (audit_boundaries.py); boundary corrected against the ROM (audit_boundaries.py)
0x0805C134,FUN_0805c134,92,candidate,unknown,Ghidra auto-analysis; boundary and ARM/Thumb mode are provisional; boundary corrected against the ROM (audit_boundaries.py)
0x0805C190,FUN_0805c190,328,candidate,unknown,Ghidra auto-analysis; boundary and ARM/Thumb mode are provisional; boundary corrected against the ROM (audit_boundaries.py); boundary corrected against the ROM (audit_boundaries.py)
0x0805C2D8,FUN_0805c2d8,3058,candidate,unknown,Ghidra auto-analysis; boundary and ARM/Thumb mode are provisional; boundary verified by the 2026-09-04 ROM flow review
0x0805CECC,FUN_0805cecc,92,candidate,unknown,Ghidra auto-analysis; boundary and ARM/Thumb mode are provisional; boundary corrected against the ROM (audit_boundaries.py)
0x0805CF28,FUN_0805cf28,164,discovered,unknown,"missed by Ghidra; tools/discover_functions.py function pointer, body not yet reviewed; boundary corrected against the ROM (audit_boundaries.py)"
0x0805CFCC,FUN_0805cfcc,290,candidate,unknown,Ghidra auto-analysis; boundary and ARM/Thumb mode are provisional; boundary corrected against the ROM (audit_boundaries.py)
0x0805D0F0,FUN_0805d0f0,102,candidate,unknown,Ghidra auto-analysis; boundary and ARM/Thumb mode are provisional; boundary corrected against the ROM (audit_boundaries.py)
0x0805D15C,FUN_0805d15c,352,candidate,unknown,Ghidra auto-analysis; boundary and ARM/Thumb mode are provisional; boundary corrected against the ROM (audit_boundaries.py); boundary corrected against the ROM (audit_boundaries.py)
0x0805D2BC,FUN_0805d2bc,52,discovered,unknown,"missed by Ghidra; tools/discover_functions.py function pointer, body not yet reviewed; boundary corrected against the ROM (audit_boundaries.py)"
0x0805D2F0,FUN_0805d2f0,70,discovered,unknown,"missed by Ghidra; tools/discover_functions.py function pointer, body not yet reviewed"
0x0805D338,FUN_0805d338,76,discovered,unknown,"missed by Ghidra; found with tools/discover_functions.py, body not yet reviewed"
0x0805D39C,FUN_0805d39c,76,discovered,unknown,"missed by Ghidra; tools/discover_functions.py function pointer, body not yet reviewed; boundary corrected against the ROM (audit_boundaries.py)"
0x0805D3E8,FUN_0805d3e8,40,candidate,unknown,Ghidra auto-analysis; boundary and ARM/Thumb mode are provisional; boundary corrected against the ROM (audit_boundaries.py)
0x0805D464,FUN_0805d464,312,discovered,unknown,"missed by Ghidra; tools/discover_functions.py call target (certain), body not yet reviewed"
0x0805D808,FUN_0805d808,36,candidate,unknown,Ghidra auto-analysis; boundary and ARM/Thumb mode are provisional
0x0805D82C,FUN_0805d82c,32,candidate,unknown,Ghidra auto-analysis; boundary and ARM/Thumb mode are provisional; boundary corrected against the ROM (audit_boundaries.py)
0x0805D84C,FUN_0805d84c,44,candidate,unknown,Ghidra auto-analysis; boundary and ARM/Thumb mode are provisional; boundary corrected against the ROM (audit_boundaries.py)
0x0805D878,IdsCompatible,528,matching,misc,verified from a byte-matching C source; boundary and ARM/Thumb mode PROVEN against the ROM
0x0805DA88,FUN_0805da88,64,candidate,unknown,Ghidra auto-analysis; boundary and ARM/Thumb mode are provisional; boundary corrected against the ROM (audit_boundaries.py)
0x0805DAC8,FUN_0805dac8,492,candidate,unknown,Ghidra auto-analysis; boundary and ARM/Thumb mode are provisional; boundary corrected against the ROM (audit_boundaries.py)
0x0805DCB4,FUN_0805dcb4,164,candidate,unknown,Ghidra auto-analysis; boundary and ARM/Thumb mode are provisional; boundary corrected against the ROM (audit_boundaries.py); boundary corrected against the ROM (audit_boundaries.py)
0x0805DD58,FUN_0805dd58,216,candidate,unknown,Ghidra auto-analysis; boundary and ARM/Thumb mode are provisional; boundary corrected against the ROM (audit_boundaries.py); boundary corrected against the ROM (audit_boundaries.py)
0x0805E040,FUN_0805e040,112,discovered,unknown,"missed by Ghidra; found with tools/discover_functions.py, body not yet reviewed; boundary corrected against the ROM (audit_boundaries.py)"
0x0805E0B0,FUN_0805e0b0,104,candidate,unknown,Ghidra auto-analysis; boundary and ARM/Thumb mode are provisional; boundary corrected against the ROM (audit_boundaries.py)
0x0805E118,FUN_0805e118,52,candidate,unknown,Ghidra auto-analysis; boundary and ARM/Thumb mode are provisional; boundary corrected against the ROM (audit_boundaries.py)
0x0805E168,FUN_0805e168,288,candidate,unknown,Ghidra auto-analysis; boundary and ARM/Thumb mode are provisional; boundary corrected against the ROM (audit_boundaries.py); boundary corrected against the ROM (audit_boundaries.py)
0x0805E28C,FUN_0805e28c,912,candidate,unknown,Ghidra auto-analysis; boundary and ARM/Thumb mode are provisional; boundary corrected against the ROM (audit_boundaries.py)
0x0805E61C,FUN_0805e61c,92,candidate,unknown,Ghidra auto-analysis; boundary and ARM/Thumb mode are provisional; boundary corrected against the ROM (audit_boundaries.py)
0x0805E68C,FUN_0805e68c,56,discovered,unknown,"missed by Ghidra; found with tools/discover_functions.py, body not yet reviewed; boundary corrected against the ROM (audit_boundaries.py)"
0x0805E6C4,SetLanguage,16,matching,misc,Selects and reads a 0x9A8-byte ROM record; table contents unidentified size measured including the tail pool (byte-matching evidence)
0x0805E6D4,GetLanguage,12,matching,misc,Selects and reads a 0x9A8-byte ROM record; table contents unidentified size measured including the tail pool (byte-matching evidence)
0x0805E6E0,GetTextString,32,matching,misc,Selects and reads a 0x9A8-byte ROM record; table contents unidentified size measured including the tail pool (byte-matching evidence)
0x0805E700,FUN_0805e700,200,candidate,unknown,Ghidra auto-analysis; boundary and ARM/Thumb mode are provisional; boundary corrected against the ROM (audit_boundaries.py); boundary corrected against the ROM (audit_boundaries.py)
0x0805E7C8,FUN_0805e7c8,540,candidate,unknown,Ghidra auto-analysis; boundary and ARM/Thumb mode are provisional; boundary corrected against the ROM (audit_boundaries.py); boundary corrected against the ROM (audit_boundaries.py)
0x0805E9E4,FUN_0805e9e4,712,candidate,unknown,Ghidra auto-analysis; boundary and ARM/Thumb mode are provisional; boundary corrected against the ROM (audit_boundaries.py); boundary corrected against the ROM (audit_boundaries.py)
0x0805ECAC,FUN_0805ecac,128,candidate,unknown,Ghidra auto-analysis; boundary and ARM/Thumb mode are provisional; boundary corrected against the ROM (audit_boundaries.py); boundary corrected against the ROM (audit_boundaries.py)
0x0805ED2C,FUN_0805ed2c,344,candidate,unknown,Ghidra auto-analysis; boundary and ARM/Thumb mode are provisional; boundary corrected against the ROM (audit_boundaries.py); boundary corrected against the ROM (audit_boundaries.py)
0x0805EE84,FUN_0805ee84,188,candidate,unknown,Ghidra auto-analysis; boundary and ARM/Thumb mode are provisional; boundary corrected against the ROM (audit_boundaries.py); boundary corrected against the ROM (audit_boundaries.py)
0x0805EF40,FUN_0805ef40,176,candidate,unknown,Ghidra auto-analysis; boundary and ARM/Thumb mode are provisional; boundary corrected against the ROM (audit_boundaries.py)
0x0805EFF0,FUN_0805eff0,3964,candidate,unknown,Ghidra auto-analysis; boundary and ARM/Thumb mode are provisional; boundary verified by the 2026-09-04 ROM flow review; boundary corrected against the ROM (audit_boundaries.py)
0x0805FF6C,FUN_0805ff6c,258,candidate,unknown,Ghidra auto-analysis; boundary and ARM/Thumb mode are provisional; boundary corrected against the ROM (audit_boundaries.py)
0x08060070,FUN_08060070,188,candidate,unknown,Ghidra auto-analysis; boundary and ARM/Thumb mode are provisional; boundary corrected against the ROM (audit_boundaries.py); boundary corrected against the ROM (audit_boundaries.py)
0x0806012C,FUN_0806012c,224,candidate,unknown,Ghidra auto-analysis; boundary and ARM/Thumb mode are provisional; boundary corrected against the ROM (audit_boundaries.py); boundary corrected against the ROM (audit_boundaries.py)
0x0806020C,FUN_0806020c,604,candidate,unknown,Ghidra auto-analysis; boundary and ARM/Thumb mode are provisional; boundary corrected against the ROM (audit_boundaries.py); boundary corrected against the ROM (audit_boundaries.py)
0x08060468,FUN_08060468,936,candidate,unknown,Ghidra auto-analysis; boundary and ARM/Thumb mode are provisional; boundary corrected against the ROM (audit_boundaries.py); boundary corrected against the ROM (audit_boundaries.py)
0x08060810,FUN_08060810,800,candidate,unknown,Ghidra auto-analysis; boundary and ARM/Thumb mode are provisional; boundary corrected against the ROM (audit_boundaries.py); boundary corrected against the ROM (audit_boundaries.py)
0x08060B30,FUN_08060b30,128,candidate,unknown,Ghidra auto-analysis; boundary and ARM/Thumb mode are provisional; boundary corrected against the ROM (audit_boundaries.py)
0x08060BB0,FUN_08060bb0,276,candidate,unknown,Ghidra auto-analysis; boundary and ARM/Thumb mode are provisional; boundary corrected against the ROM (audit_boundaries.py)
0x08060CC4,FUN_08060cc4,240,discovered,unknown,"missed by Ghidra; found with tools/discover_functions.py, body not yet reviewed; boundary corrected against the ROM (audit_boundaries.py)"
0x08060DB4,FUN_08060db4,322,candidate,unknown,Ghidra auto-analysis; boundary and ARM/Thumb mode are provisional; boundary corrected against the ROM (audit_boundaries.py)
0x08060EF8,FUN_08060ef8,104,candidate,unknown,Ghidra auto-analysis; boundary and ARM/Thumb mode are provisional; boundary corrected against the ROM (audit_boundaries.py)
0x08060F60,FUN_08060f60,200,candidate,unknown,Ghidra auto-analysis; boundary and ARM/Thumb mode are provisional; boundary corrected against the ROM (audit_boundaries.py)
0x08061028,FUN_08061028,256,candidate,unknown,Ghidra auto-analysis; boundary and ARM/Thumb mode are provisional; boundary corrected against the ROM (audit_boundaries.py); boundary corrected against the ROM (audit_boundaries.py)
0x08061128,FUN_08061128,164,candidate,unknown,Ghidra auto-analysis; boundary and ARM/Thumb mode are provisional; boundary corrected against the ROM (audit_boundaries.py)
0x080611CC,MarkDistantActors,360,matching,world,verified from a byte-matching C source; MarkDistantActors; marks everything outside the six nearest on the 0x0202F310 list (find_twins.py)
0x08061334,MarkDistantActorsB,360,matching,world,"verified from a byte-matching C source; MarkDistantActorsB; same body, the 0x0202F2C0 list"
0x0806149C,FUN_0806149c,444,candidate,unknown,Ghidra auto-analysis; boundary and ARM/Thumb mode are provisional; boundary corrected against the ROM (audit_boundaries.py); boundary corrected against the ROM (audit_boundaries.py)
0x08061658,FUN_08061658,508,candidate,unknown,Ghidra auto-analysis; boundary and ARM/Thumb mode are provisional; boundary corrected against the ROM (audit_boundaries.py); boundary corrected against the ROM (audit_boundaries.py)
0x08061854,FUN_08061854,218,candidate,unknown,Ghidra auto-analysis; boundary and ARM/Thumb mode are provisional; boundary corrected against the ROM (audit_boundaries.py)
0x08061930,FUN_08061930,576,candidate,unknown,Ghidra auto-analysis; boundary and ARM/Thumb mode are provisional; boundary corrected against the ROM (audit_boundaries.py); boundary corrected against the ROM (audit_boundaries.py)
0x08061B70,FUN_08061b70,220,candidate,unknown,Ghidra auto-analysis; boundary and ARM/Thumb mode are provisional; boundary corrected against the ROM (audit_boundaries.py); boundary corrected against the ROM (audit_boundaries.py)
0x08061C4C,FUN_08061c4c,230,candidate,unknown,Ghidra auto-analysis; boundary and ARM/Thumb mode are provisional; boundary corrected against the ROM (audit_boundaries.py)
0x08061D34,FUN_08061d34,20,candidate,unknown,Ghidra auto-analysis; boundary and ARM/Thumb mode are provisional; boundary corrected against the ROM (audit_boundaries.py)
0x08061D48,FUN_08061d48,16,discovered,unknown,"missed by Ghidra; tools/discover_functions.py call target (certain), body not yet reviewed; boundary corrected against the ROM (audit_boundaries.py)"
0x08061D58,FUN_08061d58,112,candidate,unknown,Ghidra auto-analysis; boundary and ARM/Thumb mode are provisional; boundary corrected against the ROM (audit_boundaries.py)
0x08061DD4,FUN_08061dd4,24,candidate,unknown,Ghidra auto-analysis; boundary and ARM/Thumb mode are provisional; boundary corrected against the ROM (audit_boundaries.py)
0x08061DF0,FUN_08061df0,104,discovered,unknown,"missed by Ghidra; found with tools/discover_functions.py, body not yet reviewed; boundary corrected against the ROM (audit_boundaries.py)"
0x08061EC0,FUN_08061ec0,4,discovered,unknown,"It was MISSING from the map; reported by the agent working on FUN_080552D4. verified from the ROM: `movs r0,#1; bx lr` -- a four-byte leaf returning the constant 1. It has a single `bl` caller. What precedes it (0x08061EB8-0x08061EBF) is a literal pool; what follows at 0x08061EC4 is a separate function."
0x08061EC4,FUN_08061ec4,110,candidate,unknown,Ghidra auto-analysis; boundary and ARM/Thumb mode are provisional
0x08061F34,FUN_08061f34,32,candidate,unknown,Ghidra auto-analysis; boundary and ARM/Thumb mode are provisional; boundary corrected against the ROM (audit_boundaries.py)
0x08061F54,FUN_08061f54,70,candidate,unknown,Ghidra auto-analysis; boundary and ARM/Thumb mode are provisional; boundary corrected against the ROM (audit_boundaries.py)
0x08061F9C,FUN_08061f9c,32,candidate,unknown,Ghidra auto-analysis; boundary and ARM/Thumb mode are provisional; boundary corrected against the ROM (audit_boundaries.py)
0x08061FBC,FUN_08061fbc,34,candidate,unknown,Ghidra auto-analysis; boundary and ARM/Thumb mode are provisional
0x08061FE0,FUN_08061fe0,140,candidate,unknown,Ghidra auto-analysis; boundary and ARM/Thumb mode are provisional; boundary corrected against the ROM (audit_boundaries.py); boundary corrected against the ROM (audit_boundaries.py)
0x0806206C,FUN_0806206c,200,candidate,unknown,Ghidra auto-analysis; boundary and ARM/Thumb mode are provisional; boundary corrected against the ROM (audit_boundaries.py)
0x08062134,FUN_08062134,48,candidate,unknown,Ghidra auto-analysis; boundary and ARM/Thumb mode are provisional; boundary corrected against the ROM (audit_boundaries.py)
0x08062164,FUN_08062164,84,candidate,unknown,Ghidra auto-analysis; boundary and ARM/Thumb mode are provisional; boundary corrected against the ROM (audit_boundaries.py)
0x080621B8,FUN_080621b8,32,candidate,unknown,Ghidra auto-analysis; boundary and ARM/Thumb mode are provisional; boundary corrected against the ROM (audit_boundaries.py)
0x080621D8,FUN_080621d8,24,candidate,unknown,Ghidra auto-analysis; boundary and ARM/Thumb mode are provisional; boundary corrected against the ROM (audit_boundaries.py)
0x080621F0,FUN_080621f0,82,candidate,unknown,Ghidra auto-analysis; boundary and ARM/Thumb mode are provisional; boundary corrected against the ROM (audit_boundaries.py)
0x08062244,FUN_08062244,78,discovered,unknown,"missed by Ghidra; found with tools/discover_functions.py, body not yet reviewed"
0x08062294,GetModeCategory,30,matching,world,gRam02035EA0 state; src/world/ram_state.c
0x080622B4,SetRamState,12,matching,world,gRam02035EA0 state; src/world/ram_state.c size measured including the tail pool (byte-matching evidence)
0x0806233C,IsModeReady,20,matching,world,byte-matching from a C source (MATCH-014)
0x08062350,IsModeDone,20,matching,world,byte-matching from a C source (MATCH-014 batch group)
0x08062370,NoOp08062370,2,matching,unknown,verified from a byte-matching C source; boundary and ARM/Thumb mode PROVEN against the ROM
0x080623AC,FUN_080623ac,56,discovered,unknown,"missed by Ghidra; found with tools/discover_functions.py, body not yet reviewed; boundary corrected against the ROM (audit_boundaries.py)"
0x080623E4,FUN_080623e4,38,candidate,unknown,Ghidra auto-analysis; boundary and ARM/Thumb mode are provisional
0x0806240C,FUN_0806240c,80,discovered,unknown,"missed by Ghidra; found with tools/discover_functions.py, body not yet reviewed; boundary corrected against the ROM (audit_boundaries.py)"
0x0806245C,FUN_0806245c,92,matching,unknown,"missed by Ghidra; tools/discover_functions.py function pointer, body not yet reviewed"
0x080624B8,FUN_080624b8,92,matching,unknown,"missed by Ghidra; found with tools/discover_functions.py, body not yet reviewed"
0x08062514,GetRamType,28,matching,world,gRam02035EA0 query; src/world/ram_flags.c
0x08062530,IsRamModeWanted,28,matching,world,RAM active-flag and mode query; src/world/is_ram_mode.c
0x0806254C,FUN_0806254c,84,candidate,unknown,Ghidra auto-analysis; boundary and ARM/Thumb mode are provisional; boundary corrected against the ROM (audit_boundaries.py); boundary corrected against the ROM (audit_boundaries.py)
0x080625A0,FUN_080625a0,48,candidate,unknown,Ghidra auto-analysis; boundary and ARM/Thumb mode are provisional; boundary corrected against the ROM (audit_boundaries.py)
0x080625D0,FUN_080625d0,92,candidate,unknown,Ghidra auto-analysis; boundary and ARM/Thumb mode are provisional; boundary corrected against the ROM (audit_boundaries.py); boundary corrected against the ROM (audit_boundaries.py)
0x0806262C,FUN_0806262c,40,candidate,unknown,Ghidra auto-analysis; boundary and ARM/Thumb mode are provisional; boundary corrected against the ROM (audit_boundaries.py)
0x08062654,GetRamWord16,12,matching,world,"leaf accessor; found with tools/find_accessors.py, byte-matching from C"
0x08062660,FUN_08062660,60,candidate,unknown,Ghidra auto-analysis; boundary and ARM/Thumb mode are provisional
0x0806269C,FUN_0806269c,32,candidate,unknown,Ghidra auto-analysis; boundary and ARM/Thumb mode are provisional
0x080626BC,FUN_080626bc,100,candidate,unknown,Ghidra auto-analysis; boundary and ARM/Thumb mode are provisional; boundary corrected against the ROM (audit_boundaries.py)
0x08062720,FUN_08062720,64,discovered,unknown,"missed by Ghidra; tools/discover_functions.py function pointer, body not yet reviewed; boundary corrected against the ROM (audit_boundaries.py)"
0x08062760,FUN_08062760,60,discovered,unknown,"missed by Ghidra; tools/discover_functions.py function pointer, body not yet reviewed; boundary corrected against the ROM (audit_boundaries.py)"
0x0806279C,FUN_0806279c,62,candidate,unknown,Ghidra auto-analysis; boundary and ARM/Thumb mode are provisional; boundary corrected against the ROM (audit_boundaries.py)
0x080627EC,FUN_080627ec,52,candidate,unknown,Ghidra auto-analysis; boundary and ARM/Thumb mode are provisional
0x08062820,FUN_08062820,492,candidate,unknown,Ghidra auto-analysis; boundary and ARM/Thumb mode are provisional; boundary corrected against the ROM (audit_boundaries.py)
0x08062A0C,FUN_08062a0c,536,candidate,unknown,Ghidra auto-analysis; boundary and ARM/Thumb mode are provisional; boundary corrected against the ROM (audit_boundaries.py)
0x08062C24,FUN_08062c24,280,candidate,unknown,Ghidra auto-analysis; boundary and ARM/Thumb mode are provisional; boundary corrected against the ROM (audit_boundaries.py); boundary corrected against the ROM (audit_boundaries.py)
0x08062D3C,FUN_08062d3c,156,candidate,unknown,Ghidra auto-analysis; boundary and ARM/Thumb mode are provisional; boundary corrected against the ROM (audit_boundaries.py)
0x08062DD8,FUN_08062dd8,2100,candidate,unknown,Ghidra auto-analysis; boundary and ARM/Thumb mode are provisional; boundary corrected against the ROM (audit_boundaries.py); boundary corrected against the ROM (audit_boundaries.py)
0x0806360C,FUN_0806360c,144,candidate,unknown,Ghidra auto-analysis; boundary and ARM/Thumb mode are provisional; boundary corrected against the ROM (audit_boundaries.py); boundary corrected against the ROM (audit_boundaries.py)
0x0806369C,FUN_0806369c,264,candidate,unknown,Ghidra auto-analysis; boundary and ARM/Thumb mode are provisional; boundary corrected against the ROM (audit_boundaries.py)
0x080638A0,FUN_080638a0,650,discovered,unknown,"missed by Ghidra; tools/discover_functions.py call target (certain), body not yet reviewed"
0x08063B2C,FUN_08063b2c,12,candidate,unknown,Ghidra auto-analysis; boundary and ARM/Thumb mode are provisional
0x08063B38,FUN_08063b38,60,candidate,unknown,Ghidra auto-analysis; boundary and ARM/Thumb mode are provisional; boundary corrected against the ROM (audit_boundaries.py); boundary corrected against the ROM (audit_boundaries.py)
0x08063B74,FUN_08063b74,36,candidate,unknown,Ghidra auto-analysis; boundary and ARM/Thumb mode are provisional; boundary corrected against the ROM (audit_boundaries.py)
0x08063B98,FUN_08063b98,12,candidate,unknown,Ghidra auto-analysis; boundary and ARM/Thumb mode are provisional; boundary corrected against the ROM (audit_boundaries.py)
0x08063BA4,FUN_08063ba4,38,candidate,unknown,Ghidra auto-analysis; boundary and ARM/Thumb mode are provisional
0x08063BCC,FUN_08063bcc,10,matching,world,"forwarding wrapper; found with tools/find_wrappers.py, byte-matching from C"
0x08063BD8,FUN_08063bd8,14,candidate,unknown,Ghidra auto-analysis; boundary and ARM/Thumb mode are provisional
0x08063BE8,FUN_08063be8,92,discovered,unknown,"missed by Ghidra; found with tools/discover_functions.py, body not yet reviewed; boundary corrected against the ROM (audit_boundaries.py)"
0x08063C88,FUN_08063c88,28,matching,unknown,verified from a byte-matching C source; boundary and ARM/Thumb mode PROVEN against the ROM; boundary corrected against the ROM (audit_boundaries.py)
0x08063CA4,FUN_08063ca4,76,candidate,unknown,Ghidra auto-analysis; boundary and ARM/Thumb mode are provisional; boundary corrected against the ROM (audit_boundaries.py)
0x08063CF0,FUN_08063cf0,76,candidate,unknown,Ghidra auto-analysis; boundary and ARM/Thumb mode are provisional; boundary corrected against the ROM (audit_boundaries.py)
0x08063D3C,FUN_08063d3c,28,matching,unknown,verified from a byte-matching C source; boundary and ARM/Thumb mode PROVEN against the ROM; boundary corrected against the ROM (audit_boundaries.py)
0x08063DAC,FUN_08063dac,32,discovered,unknown,"missed by Ghidra; found with tools/discover_functions.py, body not yet reviewed"
0x08063DCC,FUN_08063dcc,28,candidate,unknown,Ghidra auto-analysis; boundary and ARM/Thumb mode are provisional; boundary corrected against the ROM (audit_boundaries.py)
0x08063DE8,FUN_08063de8,44,discovered,unknown,"missed by Ghidra; tools/discover_functions.py function pointer, body not yet reviewed"
0x08063E38,ForwardU16WithFlag0,16,matching,unknown,missed by Ghidra; found with tools/discover_functions.py. Body RESOLVED and a byte-matching C source exists
0x08063E48,ForwardU16WithFlag1,16,matching,unknown,missed by Ghidra; found with tools/discover_functions.py. Body RESOLVED and a byte-matching C source exists
0x08063E58,WaitForFrameFlag,36,matching,unknown,missed by Ghidra; found with tools/discover_functions.py. Body RESOLVED and a byte-matching C source exists; boundary corrected against the ROM (audit_boundaries.py)
0x08063E7C,RunKind6HooksA,48,matching,unknown,verified from a byte-matching C source; boundary and ARM/Thumb mode PROVEN against the ROM
0x08063EAC,RunKind6HooksB,44,matching,unknown,verified from a byte-matching C source; boundary and ARM/Thumb mode PROVEN against the ROM
0x08063ED8,BlendGlyphAcrossTiles,326,matching,unknown,verified from a byte-matching C source; boundary and ARM/Thumb mode PROVEN against the ROM
0x08064020,PlaceGlyph,352,matching,unknown,verified from a byte-matching C source; boundary and ARM/Thumb mode PROVEN against the ROM
0x08064180,FUN_08064180,396,candidate,unknown,Ghidra auto-analysis; boundary and ARM/Thumb mode are provisional; boundary corrected against the ROM (audit_boundaries.py)
0x0806430C,SetTextContext,64,matching,unknown,verified from a byte-matching C source; boundary and ARM/Thumb mode PROVEN against the ROM
0x0806434C,SetFontIndex,16,matching,text,"Text drawing helper; colour escapes ""@"" + digit are skipped size measured including the tail pool (byte-matching evidence)"
0x0806435C,DrawText,124,matching,text,"Text drawing helper; colour escapes ""@"" + digit are skipped size measured including the tail pool (byte-matching evidence)"
0x080643D8,DrawTextCentred,134,matching,text,"Text drawing helper; colour escapes ""@"" + digit are skipped size measured including the tail pool (byte-matching evidence)"
0x08064460,DrawTextRightAligned,130,matching,text,"Text drawing helper; colour escapes ""@"" + digit are skipped size measured including the tail pool (byte-matching evidence)"
0x080644E4,GetGlyphWidth,64,matching,text,"Text drawing helper; colour escapes ""@"" + digit are skipped size measured including the tail pool (byte-matching evidence)"
0x08064524,GetTextWidth,108,matching,text,"Text drawing helper; colour escapes ""@"" + digit are skipped size measured including the tail pool (byte-matching evidence)"
0x08064590,ClearTextArea,132,decompiled,text,"Text drawing helper; colour escapes ""@"" + digit are skipped; boundary corrected against the ROM (audit_boundaries.py)"
0x08064614,InitTextTilesAndPalette,132,matching,unknown,verified from a byte-matching C source; boundary and ARM/Thumb mode PROVEN against the ROM
0x08064698,GetGlyphCount,20,matching,unknown,"missed by Ghidra; tools/discover_functions.py call target (certain), body not yet reviewed; boundary corrected against the ROM (audit_boundaries.py)"
0x080646AC,RandomBelowCount,76,matching,world,verified from a byte-matching C source; RandomBelowCount; random index below the kind count
0x080646F8,GetGlyphCell,44,matching,unknown,verified from a byte-matching C source; boundary and ARM/Thumb mode PROVEN against the ROM
0x08064724,FUN_08064724,536,candidate,unknown,Ghidra auto-analysis; boundary and ARM/Thumb mode are provisional; boundary corrected against the ROM (audit_boundaries.py)
0x0806493C,FUN_0806493c,1212,candidate,unknown,Ghidra auto-analysis; boundary and ARM/Thumb mode are provisional; boundary corrected against the ROM (audit_boundaries.py); boundary corrected against the ROM (audit_boundaries.py)
0x08064DF8,NoOp08064DF8,2,matching,unknown,verified from a byte-matching C source; boundary and ARM/Thumb mode PROVEN against the ROM
0x08064DFC,ApplyLaunchVelocity,294,candidate,unknown,Ghidra auto-analysis; boundary and ARM/Thumb mode are provisional; boundary corrected against the ROM (audit_boundaries.py)
0x08064F24,FUN_08064f24,524,matching,world,Turns off the actor tracking kind and processes the distance/drop score; src/world/band_08064f24.c
0x08065130,SpawnSlotEffect,176,matching,world,Produces an effect/entry for the active slot; src/world/spawn_slot_effect.c
0x080651E0,PlaceProbeEntries,408,matching,world,Tests four probe points against the map grid and produces phase 51/52 entries; src/world/slot_probe.c
0x08065378,ResetActorTracking,92,matching,world,Resets the tracking: copies the start position and clears the four accumulators; src/world/actor_tracking.c
0x080653D4,AccumulateActorMotion,104,matching,world,Accumulates the largest z difference and the absolute speeds of the three axes; src/world/actor_tracking.c
0x0806543C,IsOwnerMarked,32,matching,world,Queries the player slot's +0x25 flag; src/world/player_slot_query.c
0x0806545C,IsEntityEngaged,62,matching,world,The kind byte or slot flag in the entity's +0x14 block; src/world/player_slot_query.c
0x0806549C,ScaleByDistanceBand,124,matching,world,Splits the key into eight bands and scales it by an 8.8 coefficient; src/world/scale_by_band.c
0x08065518,SetOwnerMark,32,matching,world,Writes the +0x25 marker into the slot of the entity's owner; src/world/slot_range_query.c
0x08065538,IsSlotValueInRange,48,matching,world,Whether the +0x4C upper halfword in slot A is within the given range; src/world/slot_range_query.c
0x08065568,LookupRomByte,12,matching,world,Reads a single byte from the 0x08F72620 ROM table; src/world/slot_range_query.c
0x08065574,LoadBitmapAsset,220,matching,world,Loads the frame and palette with RL decompression or DMA3; src/world/bitmap_asset.c
0x08065650,ShutdownAndReset,164,matching,world,"Shuts down the four DMA channels, clears the display/interrupt registers and soft-resets; src/world/shutdown_reset.c"
0x080656F4,PollInput,228,candidate,world,"Key polling and the input history ring buffer. PARKED: 224/228 bytes; the remaining difference is in the shoulder mask test, where the ROM also copies the second operand; src/world/poll_input.c"
0x080657D8,FUN_080657d8,2374,candidate,world,"Main dispatcher of the link driver: switch (gVBlankEnabled), four states (IDLE / READY / LIVE / SETTLING), no jump table, 103 blocks. PARKED: 575/1174 instructions identical (size 2356/2374 -- that is not the metric). The entry block and most of the IDLE/READY states are identical. Root cause diagnosed: the body is shifted by exactly ONE register; the local allocator puts the gRam02000E80 address into r4 in block 79 and collides with the k pseudo, whereas the ROM uses r3 twice there and leaves r4 free; src/world/sio_driver.c"
0x08066144,ResetLinkSession,200,matching,world,Sets the link session up from scratch; src/world/link_session_reset.c
0x0806620C,WaitForPartner,320,candidate,world,"Link waiting screen: two texts, cancel by key gesture, then driver stepping. PARKED: size 320/320, 12 bytes differ, 134/139 instructions identical; the remaining difference is the ORDER of the constant moves in the loop pre-header; src/world/input_extra.c"
0x080663E8,ShutdownLinkSession,44,matching,world,Steps the driver for 15 frames with code 2 and closes the session; src/world/link_session.c
0x08066414,FadeOutIfLinkState3,64,matching,world,"When the state is 3, fades the screen and waits 60 frames; src/world/link_session.c"
0x08066454,WaitLinkSettle,80,matching,world,Steps the driver until the state is stable or 240 frames have passed; src/world/link_session.c
0x080664A4,GetBaseValue,6,matching,world,Pause; src/world/pause_helpers.c
0x080664AC,MaybeReset,24,matching,world,Pause; src/world/pause_helpers.c size measured including the tail pool (byte-matching evidence)
0x080664C4,IsSessionActive,44,matching,world,Pause; src/world/pause_helpers.c
0x080664F0,MaybeAdvance,42,matching,world,Pause; src/world/maybe_advance.c
0x08066540,ResetSessionFlags,40,matching,world,byte-matching from a C source (MATCH-014 batch group 4)
0x08066568,InitLinkBlock,164,matching,world,Zeroes the link block and sets up the SIO register and the buffer pointers; src/world/link_init.c
0x0806660C,StepLinkFrame,304,matching,world,Per-frame link driver; three-state machine; src/world/link_frame_step.c
0x0806673C,BuildLinkPacket,92,candidate,world,"Builds the packet to send and writes its checksum. PARKED: size 92/92, 20 bytes differ; agbcc emits two separate pseudos for the global address, while the ROM uses a single live range; src/world/link_packet.c"
0x08066798,ReceiveLinkPackets,212,candidate,world,"Collects incoming packets with a checksum test. PARKED: 204/212 bytes; the ROM uses three high registers, we use two; permuter got 1095->195 but the candidate is semantically wrong; src/world/link_receive.c"
0x0806686C,ServiceLinkFrame,152,candidate,unknown,"Link frame service. PARKED: 144/152 bytes; the ROM keeps the global address in r4, we keep it in r3; src/world/link_service.c"
0x08066904,SerialIrqHandler,316,matching,world,Serial (SIO) interrupt handler; src/world/link_dispatch.c
0x08066A40,MaybeSetCommByte6,20,matching,world,Communication flag; src/world/comm_flag.c size measured including the tail pool (byte-matching evidence)
0x08066A54,ResetLinkHardware,84,matching,world,Disables the Timer3/serial interrupts and zeroes SIOCNT and Timer3; src/world/link_hw_reset.c
0x08066AA8,BuildLinkReport,152,matching,world,Fills in the link summary record; src/world/link_report.c
0x08066B40,BumpStepCounter,340,matching,world,Saturating increment of the active record's 5-bit step counter; src/world/link_state_step.c
0x08066C94,BumpRankCounter,192,matching,world,Saturating increment of the active record's 5-bit counter; src/world/bump_rank_counter.c
0x08066D54,GetRecordField,378,matching,world,Returns the record field by a 0-35 id; jump table 0x08066D6C; src/world/rank_query.c
0x08066ED0,GetStepIconId,324,matching,world,Converts the step index (0-35) into a 0xB0+n glyph id; jump table; src/world/link_menu_step.c
0x08067014,FUN_08067014,368,candidate,world,"Percentage score from the link report. PARKED: 332/368 bytes, 85/183 instructions identical; the ROM keeps the report pointer in ip; the container width difference changes the CSE behaviour; src/world/link_score.c"
0x08067184,BumpCount82,52,matching,world,Increments the +0x82 counter with overflow protection between two empty delay loops; src/world/bump_count_82.c
0x080671B8,BumpCount6A,28,matching,world,Additional counter; src/world/more_counters.c size measured including the tail pool (byte-matching evidence)
0x080671D4,BumpCount68,28,matching,world,Additional counter; src/world/more_counters.c size measured including the tail pool (byte-matching evidence)
0x080671F0,BumpCount64,28,matching,world,Additional counter; src/world/more_counters.c size measured including the tail pool (byte-matching evidence)
0x0806720C,BumpSaveCounter,28,matching,world,byte-matching from a C source (MATCH-014 batch group)
0x08067228,BumpCountB,28,matching,world,Statistics counter; src/world/stat_counters.c size measured including the tail pool (byte-matching evidence)
0x08067244,BumpCountA,28,matching,world,Statistics counter; src/world/stat_counters.c size measured including the tail pool (byte-matching evidence)
0x08067260,ResetDistanceAccum,20,matching,world,Statistics counter; src/world/stat_counters.c size measured including the tail pool (byte-matching evidence)
0x08067274,AddDistance,68,matching,world,Absolute delta distance and overflow accumulator; src/world/distance_accum.c size measured including the tail pool (byte-matching evidence)
0x080672B8,AccumulateDistance,68,matching,world,byte-matching from a C source; complex (absolute value + saturating overflow counter)
0x080672FC,FormatDecimal,116,matching,misc,Converts the number into ASCII digits without leading zeroes; src/misc/format_decimal.c
0x08067370,NoOp08067370,2,matching,unknown,verified from a byte-matching C source; boundary and ARM/Thumb mode PROVEN against the ROM
0x08067374,BumpCount7A,28,matching,world,Additional counter; src/world/more_counters_2.c size measured including the tail pool (byte-matching evidence)
0x08067390,BumpCount84,28,matching,world,Additional counter; src/world/more_counters_2.c size measured including the tail pool (byte-matching evidence)
0x080673C4,BumpCount70,28,matching,world,Additional counter; src/world/more_counters_3.c size measured including the tail pool (byte-matching evidence)
0x080673E0,BumpCount80,28,matching,world,Additional counter; src/world/more_counters_3.c size measured including the tail pool (byte-matching evidence)
0x08067404,IsKind20,172,matching,world,"verified from a byte-matching C source; IsKind20; 36-entry jump table, 1 only for kind 20"
0x080674B0,FormatDecimalDup,116,matching,misc,116 bytes IDENTICAL to FormatDecimal (0x080672FC); second copy in the ROM; src/misc/format_decimal_dup.c
0x08067524,FUN_08067524,82,candidate,unknown,Ghidra auto-analysis; boundary and ARM/Thumb mode are provisional; boundary corrected against the ROM (audit_boundaries.py)
0x08067578,FUN_08067578,86,candidate,unknown,Ghidra auto-analysis; boundary and ARM/Thumb mode are provisional; boundary corrected against the ROM (audit_boundaries.py)
0x080675F8,FUN_080675f8,76,candidate,unknown,Ghidra auto-analysis; boundary and ARM/Thumb mode are provisional; boundary corrected against the ROM (audit_boundaries.py)
0x08067644,FUN_08067644,708,candidate,unknown,Ghidra auto-analysis; boundary and ARM/Thumb mode are provisional; boundary corrected against the ROM (audit_boundaries.py); boundary corrected against the ROM (audit_boundaries.py)
0x08067908,FUN_08067908,776,candidate,unknown,Ghidra auto-analysis; boundary and ARM/Thumb mode are provisional; boundary corrected against the ROM (audit_boundaries.py); boundary corrected against the ROM (audit_boundaries.py)
0x08067C10,FUN_08067c10,168,candidate,unknown,Ghidra auto-analysis; boundary and ARM/Thumb mode are provisional; boundary corrected against the ROM (audit_boundaries.py); boundary corrected against the ROM (audit_boundaries.py)
0x08067CB8,FUN_08067cb8,200,candidate,unknown,Ghidra auto-analysis; boundary and ARM/Thumb mode are provisional; boundary corrected against the ROM (audit_boundaries.py)
0x08067D80,FUN_08067d80,52,candidate,unknown,Ghidra auto-analysis; boundary and ARM/Thumb mode are provisional
0x08067DB4,FUN_08067db4,80,discovered,unknown,"missed by Ghidra; found with tools/discover_functions.py, body not yet reviewed; boundary corrected against the ROM (audit_boundaries.py)"
0x08067E04,FUN_08067e04,488,documented,arm,2026-09-04 ARM boundary review; stack-frame; push at 0x08067E04; return at 0x08067FE8
0x08067FEC,FUN_08067fec,500,documented,arm,"2026-09-04 ARM boundary review; local-routine; BL calls at 0x08067F74 and 0x08067FDC; mov pc,lr at 0x080681DC"
0x080681E0,FUN_080681e0,504,documented,arm,"2026-09-04 ARM boundary review; local-routine; BL calls at 0x08067F6C and 0x08067FD4; mov pc,lr at 0x080683D0"
0x080683D8,FUN_080683d8,1348,documented,arm,2026-09-04 ARM boundary review; stack-frame; push at 0x080683D8; return at 0x08068914
0x0806891C,FUN_0806891c,3744,documented,arm,"2026-09-04 ARM boundary review; local-routine; four BL callers in parent; mov pc,lr at 0x080697B0"
0x080697BC,FUN_080697bc,224,documented,arm,2026-09-04 ARM boundary review; stack-frame; push at 0x080697BC; return at 0x08069898
0x0806989C,FUN_0806989c,3364,documented,arm,"2026-09-04 ARM boundary review; local-routine; BL calls at 0x08069858 and 0x0806988C; mov pc,lr at 0x0806A5BC"
0x0806A5C0,FUN_0806a5c0,216,documented,arm,2026-09-04 ARM boundary review; stack-frame; push at 0x0806A5C0; return at 0x0806A690
0x0806A698,FUN_0806a698,228,documented,arm,2026-09-04 ARM boundary review; stack-frame; push at 0x0806A698; return at 0x0806A774
0x0806A77C,FUN_0806a77c,196,documented,arm,2026-09-04 ARM boundary review; stack-frame; push at 0x0806A77C; return at 0x0806A83C
0x0806A840,FUN_0806a840,240,documented,arm,2026-09-04 ARM boundary review; stack-frame; push at 0x0806A840; return at 0x0806A92C
0x0806A930,FUN_0806a930,228,documented,arm,2026-09-04 ARM boundary review; stack-frame; push at 0x0806A930; return at 0x0806AA10
0x0806AA14,FUN_0806aa14,288,documented,arm,2026-09-04 ARM boundary review; stack-frame; push at 0x0806AA14; return at 0x0806AB30
0x0806AB34,FUN_0806ab34,1788,documented,arm,2026-09-04 ARM boundary review; stack-frame; push at 0x0806AB34; primary and alternate returns at 0x0806B218/0x0806B228
0x0806B230,FUN_0806b230,280,documented,arm,2026-09-04 ARM boundary review; stack-frame; push at 0x0806B230; return at 0x0806B344
0x0806B348,FUN_0806b348,248,documented,arm,2026-09-04 ARM boundary review; stack-frame; push at 0x0806B348; return/thunks end at 0x0806B43C
0x0806B440,FUN_0806b440,520,documented,arm,2026-09-04 ARM boundary review; stack-frame; push at 0x0806B440; return/alternate epilogue ends at 0x0806B644
0x0806B648,FUN_0806b648,516,documented,arm,2026-09-04 ARM boundary review; stack-frame; push at 0x0806B648; return at 0x0806B848
0x0806B84C,ArcTan2,4,matching,bios,BIOS swi thunk; src/bios/syscalls.s (permanent assembly)
0x0806B850,CpuFastSet,4,matching,bios,BIOS swi thunk; src/bios/syscalls.s (permanent assembly)
0x0806B854,CpuSet,4,matching,bios,BIOS swi thunk; src/bios/syscalls.s (permanent assembly)
0x0806B858,Div,4,matching,bios,BIOS swi thunk; src/bios/syscalls.s (permanent assembly)
0x0806B85C,LZ77UnCompWram,4,matching,bios,BIOS swi thunk; src/bios/syscalls.s (permanent assembly)
0x0806B860,RLUnCompVram,4,matching,bios,BIOS swi thunk; src/bios/syscalls.s (permanent assembly)
0x0806B864,RegisterRamReset,4,matching,bios,BIOS swi thunk; src/bios/syscalls.s (permanent assembly)
0x0806B868,SoftResetSystem,24,matching,bios,BIOS swi thunk; src/bios/syscalls.s (permanent assembly)
0x0806B880,Sqrt,4,matching,bios,BIOS swi thunk; src/bios/syscalls.s (permanent assembly)
0x0806B884,VBlankIntrWait,6,matching,bios,BIOS swi thunk; src/bios/syscalls.s (permanent assembly)
0x0806B88C,FUN_0806b88c,370,candidate,unknown,"PARKED 2026-09-07: NOT C -O2 output -- an -O0-style body with `mov sp,r3`, `svc 1/0` and an r7 frame pointer (it sets sp to 0x03007F00, calls SoftReset/RegisterRamReset, then probes WAITCNT/the cartridge). it does not match under old_agbcc -O2; a separate translation unit / asm source. Ghidra auto-analysis; boundary and ARM/Thumb mode are provisional"
0x0806BA18,FUN_0806ba18,234,candidate,unknown,Ghidra auto-analysis; boundary and ARM/Thumb mode are provisional; boundary corrected against the ROM (audit_boundaries.py)
0x0806BB04,FUN_0806bb04,92,candidate,unknown,Ghidra auto-analysis; boundary and ARM/Thumb mode are provisional; boundary corrected against the ROM (audit_boundaries.py)
0x0806BB60,FUN_0806bb60,88,candidate,unknown,Ghidra auto-analysis; boundary and ARM/Thumb mode are provisional; boundary corrected against the ROM (audit_boundaries.py)
0x0806BBB8,FUN_0806bbb8,66,candidate,unknown,Ghidra auto-analysis; boundary and ARM/Thumb mode are provisional
0x0806BBFC,FUN_0806bbfc,212,candidate,unknown,Ghidra auto-analysis; boundary and ARM/Thumb mode are provisional; boundary corrected against the ROM (audit_boundaries.py)
0x0806BCD0,LibraryAssertWrapper0,16,discovered,sdk,Provisional Thumb boundary; calls shared handler
0x0806BCE0,LibraryAssertWrapper1,16,discovered,sdk,Provisional Thumb boundary; calls shared handler
0x0806BCF0,LibraryAssertHandler,68,discovered,sdk,References assertion format at 0x08BD3470; boundary corrected against the ROM (audit_boundaries.py); boundary corrected against the ROM (audit_boundaries.py)
0x0806BD34,FUN_0806bd34,72,candidate,unknown,Ghidra auto-analysis; boundary and ARM/Thumb mode are provisional; boundary corrected against the ROM (audit_boundaries.py); boundary corrected against the ROM (audit_boundaries.py)
0x0806BD7C,FUN_0806bd7c,128,candidate,unknown,Ghidra auto-analysis; boundary and ARM/Thumb mode are provisional; boundary corrected against the ROM (audit_boundaries.py)
0x0806BDFC,FUN_0806bdfc,176,candidate,unknown,Ghidra auto-analysis; boundary and ARM/Thumb mode are provisional; boundary corrected against the ROM (audit_boundaries.py); boundary corrected against the ROM (audit_boundaries.py)
0x0806BEAC,FUN_0806beac,20,candidate,unknown,Ghidra auto-analysis; boundary and ARM/Thumb mode are provisional
0x0806BEC0,FUN_0806bec0,352,candidate,unknown,Ghidra auto-analysis; boundary and ARM/Thumb mode are provisional; boundary corrected against the ROM (audit_boundaries.py)
0x0806C020,FUN_0806c020,86,candidate,unknown,Ghidra auto-analysis; boundary and ARM/Thumb mode are provisional; boundary corrected against the ROM (audit_boundaries.py)
0x0806C078,FUN_0806c078,62,candidate,unknown,Ghidra auto-analysis; boundary and ARM/Thumb mode are provisional
0x0806C0B8,_call_via_r0,2,documented,sdk,GCC call-via veneer: bx r0
0x0806C0BC,_call_via_r1,2,documented,sdk,GCC call-via veneer: bx r1
0x0806C0C0,_call_via_r2,2,documented,sdk,GCC call-via veneer: bx r2
0x0806C0C4,_call_via_r3,2,documented,sdk,GCC call-via veneer: bx r3
0x0806C0C8,_call_via_r4,2,documented,sdk,GCC call-via veneer: bx r4
0x0806C0CC,_call_via_r5,2,documented,sdk,GCC call-via veneer: bx r5
0x0806C0D0,_call_via_r6,2,documented,sdk,GCC call-via veneer: bx r6
0x0806C0D4,_call_via_r7,2,documented,sdk,GCC call-via veneer: bx r7
0x0806C0D8,_call_via_r8,2,documented,sdk,GCC call-via veneer: bx r8
0x0806C0DC,_call_via_r9,2,documented,sdk,GCC call-via veneer: bx r9
0x0806C0F4,__divsi3,146,candidate,libgcc,"__divsi3 from agbcc's libgcc.a. DIAGNOSIS (NOT a match): 142 of the 146 bytes are identical to the ROM; the 4 differing bytes are the relocation of the __div0 call at the end of the function. these regions CANNOT be added there, because the libc_regions mechanism only verifies bodies without relocation. regenerated with tools/scan_libc.py --csv."
0x0806C188,FUN_0806c188,2,candidate,unknown,Ghidra auto-analysis; boundary and ARM/Thumb mode are provisional
0x0806C18C,__modsi3,206,candidate,libgcc,"__modsi3 from agbcc's libgcc.a. DIAGNOSIS (NOT a match): 205 of the 206 bytes are identical to the ROM; the 1 differing byte is the relocation of the __div0 call at the end of the function. these regions CANNOT be added there, because the libc_regions mechanism only verifies bodies without relocation. regenerated with tools/scan_libc.py --csv."
0x0806C25C,__udivsi3,120,candidate,libgcc,"__udivsi3 from agbcc's libgcc.a. DIAGNOSIS (NOT a match): 119 of the 120 bytes are identical to the ROM; the 1 differing byte is the relocation of the __div0 call at the end of the function. these regions CANNOT be added there, because the libc_regions mechanism only verifies bodies without relocation. regenerated with tools/scan_libc.py --csv."
0x0806C2D4,__umodsi3,192,candidate,libgcc,"__umodsi3 from agbcc's libgcc.a. DIAGNOSIS (NOT a match): 190 of the 192 bytes are identical to the ROM; the 2 differing bytes are the relocation of the __div0 call at the end of the function. these regions CANNOT be added there, because the libc_regions mechanism only verifies bodies without relocation. regenerated with tools/scan_libc.py --csv."
0x0806C394,FUN_0806c394,188,candidate,unknown,Ghidra auto-analysis; boundary and ARM/Thumb mode are provisional; boundary corrected against the ROM (audit_boundaries.py)
0x0806C450,FUN_0806c450,126,candidate,unknown,Ghidra auto-analysis; boundary and ARM/Thumb mode are provisional; boundary corrected against the ROM (audit_boundaries.py)
0x0806C4D0,FUN_0806c4d0,382,discovered,unknown,"missed by Ghidra; found with tools/discover_functions.py, body not yet reviewed"
0x0806C650,FUN_0806c650,48,discovered,unknown,"missed by Ghidra; found with tools/discover_functions.py, body not yet reviewed"
0x0806C680,FUN_0806c680,56,discovered,unknown,"missed by Ghidra; found with tools/discover_functions.py, body not yet reviewed"
0x0806C6B8,FUN_0806c6b8,360,candidate,unknown,Ghidra auto-analysis; boundary and ARM/Thumb mode are provisional; boundary corrected against the ROM (audit_boundaries.py); boundary corrected against the ROM (audit_boundaries.py)
0x0806C820,FUN_0806c820,238,candidate,unknown,Ghidra auto-analysis; boundary and ARM/Thumb mode are provisional; boundary corrected against the ROM (audit_boundaries.py)
0x0806C910,FUN_0806c910,232,discovered,unknown,"missed by Ghidra; found with tools/discover_functions.py, body not yet reviewed"
0x0806C9F8,FUN_0806c9f8,42,discovered,unknown,"missed by Ghidra; found with tools/discover_functions.py, body not yet reviewed"
0x0806CA24,FUN_0806ca24,74,matching,unknown,"missed by Ghidra; found with tools/discover_functions.py, body not yet reviewed"
0x0806CA70,FUN_0806ca70,74,matching,unknown,"missed by Ghidra; found with tools/discover_functions.py, body not yet reviewed"
0x0806CABC,FUN_0806cabc,76,matching,unknown,"missed by Ghidra; found with tools/discover_functions.py, body not yet reviewed"
0x0806CB08,FUN_0806cb08,76,matching,unknown,"missed by Ghidra; found with tools/discover_functions.py, body not yet reviewed"
0x0806CB54,FUN_0806cb54,74,matching,unknown,"missed by Ghidra; found with tools/discover_functions.py, body not yet reviewed"
0x0806CBA0,FUN_0806cba0,74,matching,unknown,"missed by Ghidra; found with tools/discover_functions.py, body not yet reviewed"
0x0806CBEC,FUN_0806cbec,96,candidate,unknown,Ghidra auto-analysis; boundary and ARM/Thumb mode are provisional; boundary corrected against the ROM (audit_boundaries.py); boundary corrected against the ROM (audit_boundaries.py)
0x0806CC4C,FUN_0806cc4c,106,candidate,unknown,Ghidra auto-analysis; boundary and ARM/Thumb mode are provisional; boundary corrected against the ROM (audit_boundaries.py)
0x0806CCB8,FUN_0806ccb8,38,discovered,unknown,"missed by Ghidra; found with tools/discover_functions.py, body not yet reviewed"
0x0806CCE0,FUN_0806cce0,24,discovered,unknown,"missed by Ghidra; found with tools/discover_functions.py, body not yet reviewed"
0x0806CCF8,FUN_0806ccf8,48,discovered,unknown,"missed by Ghidra; found with tools/discover_functions.py, body not yet reviewed"
0x0806CD28,FUN_0806cd28,116,candidate,unknown,Ghidra auto-analysis; boundary and ARM/Thumb mode are provisional; boundary corrected against the ROM (audit_boundaries.py)
0x0806CD9C,FUN_0806cd9c,332,candidate,unknown,Ghidra auto-analysis; boundary and ARM/Thumb mode are provisional; boundary corrected against the ROM (audit_boundaries.py); boundary corrected against the ROM (audit_boundaries.py)
0x0806CEE8,FUN_0806cee8,220,candidate,unknown,Ghidra auto-analysis; boundary and ARM/Thumb mode are provisional; boundary corrected against the ROM (audit_boundaries.py); boundary corrected against the ROM (audit_boundaries.py)
0x0806CFC4,FUN_0806cfc4,624,candidate,unknown,Ghidra auto-analysis; boundary and ARM/Thumb mode are provisional; boundary corrected against the ROM (audit_boundaries.py); boundary corrected against the ROM (audit_boundaries.py)
0x0806D234,FUN_0806d234,52,candidate,unknown,Ghidra auto-analysis; boundary and ARM/Thumb mode are provisional
0x0806D268,FUN_0806d268,60,candidate,unknown,Ghidra auto-analysis; boundary and ARM/Thumb mode are provisional
0x0806D2A4,FUN_0806d2a4,684,candidate,unknown,Ghidra auto-analysis; boundary and ARM/Thumb mode are provisional; boundary corrected against the ROM (audit_boundaries.py); boundary corrected against the ROM (audit_boundaries.py)
0x0806D550,FUN_0806d550,396,candidate,unknown,Ghidra auto-analysis; boundary and ARM/Thumb mode are provisional; boundary corrected against the ROM (audit_boundaries.py); boundary corrected against the ROM (audit_boundaries.py)
0x0806D6DC,FUN_0806d6dc,258,candidate,unknown,Ghidra auto-analysis; boundary and ARM/Thumb mode are provisional
0x0806D7E0,FUN_0806d7e0,46,discovered,unknown,"missed by Ghidra; found with tools/discover_functions.py, body not yet reviewed"
0x0806D810,FUN_0806d810,78,matching,unknown,verified from a byte-matching C source; boundary and ARM/Thumb mode PROVEN against the ROM
0x0806D860,FUN_0806d860,78,matching,unknown,verified from a byte-matching C source; boundary and ARM/Thumb mode PROVEN against the ROM
0x0806D8B0,FUN_0806d8b0,80,matching,unknown,verified from a byte-matching C source; boundary and ARM/Thumb mode PROVEN against the ROM
0x0806D900,FUN_0806d900,80,matching,unknown,verified from a byte-matching C source; boundary and ARM/Thumb mode PROVEN against the ROM
0x0806D950,FUN_0806d950,78,matching,unknown,verified from a byte-matching C source; boundary and ARM/Thumb mode PROVEN against the ROM
0x0806D9A0,FUN_0806d9a0,78,matching,unknown,verified from a byte-matching C source; boundary and ARM/Thumb mode PROVEN against the ROM
0x0806D9F0,FUN_0806d9f0,128,candidate,unknown,Ghidra auto-analysis; boundary and ARM/Thumb mode are provisional; boundary corrected against the ROM (audit_boundaries.py); boundary corrected against the ROM (audit_boundaries.py)
0x0806DA70,FUN_0806da70,116,candidate,unknown,Ghidra auto-analysis; boundary and ARM/Thumb mode are provisional; boundary corrected against the ROM (audit_boundaries.py)
0x0806DAE4,FUN_0806dae4,40,candidate,unknown,Ghidra auto-analysis; boundary and ARM/Thumb mode are provisional
0x0806DB0C,__make_dp,38,discovered,libgcc,"__make_dp from agbcc's libgcc.a. DIAGNOSIS (NOT a match): 36 of the 38 bytes are identical to the ROM; the 2 differing bytes are the relocation of the __div0 call at the end of the function. these regions CANNOT be added there, because the libc_regions mechanism only verifies bodies without relocation. regenerated with tools/scan_libc.py --csv."
0x0806DB34,FUN_0806db34,72,discovered,unknown,"missed by Ghidra; found with tools/discover_functions.py, body not yet reviewed; boundary corrected against the ROM (audit_boundaries.py)"
0x0806DB7C,FUN_0806db7c,54,candidate,unknown,Ghidra auto-analysis; boundary and ARM/Thumb mode are provisional
0x0806DBB4,FUN_0806dbb4,26,candidate,unknown,Ghidra auto-analysis; boundary and ARM/Thumb mode are provisional
0x0806DBD0,FUN_0806dbd0,98,candidate,unknown,Ghidra auto-analysis; boundary and ARM/Thumb mode are provisional
0x0806DC34,FUN_0806dc34,140,candidate,unknown,Ghidra auto-analysis; boundary and ARM/Thumb mode are provisional
0x0806DCC0,Memset,86,documented,sdk,"Standard memset(dest, value, count); builds a 4-byte pattern and writes 16-byte blocks with stmia, byte tail loop, returns dest"
0x0806DD18,FUN_0806dd18,94,candidate,unknown,Ghidra auto-analysis; boundary and ARM/Thumb mode are provisional; boundary corrected against the ROM (audit_boundaries.py)
0x0806DD78,FUN_0806dd78,78,candidate,unknown,Ghidra auto-analysis; boundary and ARM/Thumb mode are provisional; boundary corrected against the ROM (audit_boundaries.py)
0x0806DDC8,FUN_0806ddc8,70,candidate,unknown,Ghidra auto-analysis; boundary and ARM/Thumb mode are provisional; boundary corrected against the ROM (audit_boundaries.py)
0x0806DE10,FUN_0806de10,116,candidate,unknown,Ghidra auto-analysis; boundary and ARM/Thumb mode are provisional; boundary corrected against the ROM (audit_boundaries.py)
0x0806DE84,_toupper,28,discovered,libc,newlib routine; matched against agbcc libc.a build; identical body to toupper - which symbol occupies this address is undetermined
0x0806DEA0,FUN_0806dea0,56,candidate,unknown,Ghidra auto-analysis; boundary and ARM/Thumb mode are provisional; boundary corrected against the ROM (audit_boundaries.py)
0x0806DED8,FUN_0806ded8,34,candidate,unknown,Ghidra auto-analysis; boundary and ARM/Thumb mode are provisional
0x0806DEFC,FUN_0806defc,120,candidate,unknown,Ghidra auto-analysis; boundary and ARM/Thumb mode are provisional; boundary corrected against the ROM (audit_boundaries.py)
0x0806DF74,FUN_0806df74,24,candidate,unknown,Ghidra auto-analysis; boundary and ARM/Thumb mode are provisional
0x0806DF8C,FUN_0806df8c,3940,candidate,unknown,Ghidra auto-analysis; boundary and ARM/Thumb mode are provisional; boundary verified by the 2026-09-04 ROM flow review
0x0806EEF0,FUN_0806eef0,248,candidate,unknown,Ghidra auto-analysis; boundary and ARM/Thumb mode are provisional; boundary corrected against the ROM (audit_boundaries.py)
0x0806EFE8,FUN_0806efe8,114,candidate,unknown,Ghidra auto-analysis; boundary and ARM/Thumb mode are provisional; boundary corrected against the ROM (audit_boundaries.py)
0x0806F05C,FUN_0806f05c,176,candidate,unknown,Ghidra auto-analysis; boundary and ARM/Thumb mode are provisional; boundary corrected against the ROM (audit_boundaries.py)
0x0806F10C,FUN_0806f10c,352,candidate,unknown,Ghidra auto-analysis; boundary and ARM/Thumb mode are provisional; boundary corrected against the ROM (audit_boundaries.py)
0x0806F26C,FUN_0806f26c,3322,candidate,unknown,Ghidra auto-analysis; boundary and ARM/Thumb mode are provisional; boundary verified by the 2026-09-04 ROM flow review
0x0806FF68,FUN_0806ff68,152,candidate,unknown,Ghidra auto-analysis; boundary and ARM/Thumb mode are provisional; boundary corrected against the ROM (audit_boundaries.py)
0x08070000,FUN_08070000,60,candidate,unknown,Ghidra auto-analysis; boundary and ARM/Thumb mode are provisional; boundary corrected against the ROM (audit_boundaries.py)
0x0807003C,FUN_0807003c,52,candidate,unknown,Ghidra auto-analysis; boundary and ARM/Thumb mode are provisional
0x08070070,FUN_08070070,120,discovered,unknown,"missed by Ghidra; found with tools/discover_functions.py, body not yet reviewed; boundary corrected against the ROM (audit_boundaries.py)"
0x080700E8,FUN_080700e8,16,candidate,unknown,Ghidra auto-analysis; boundary and ARM/Thumb mode are provisional; boundary corrected against the ROM (audit_boundaries.py)
0x080700F8,FUN_080700f8,20,candidate,unknown,Ghidra auto-analysis; boundary and ARM/Thumb mode are provisional; boundary corrected against the ROM (audit_boundaries.py)
0x0807010C,FUN_0807010c,100,candidate,unknown,Ghidra auto-analysis; boundary and ARM/Thumb mode are provisional; boundary corrected against the ROM (audit_boundaries.py)
0x08070170,FUN_08070170,450,candidate,unknown,Ghidra auto-analysis; boundary and ARM/Thumb mode are provisional; boundary corrected against the ROM (audit_boundaries.py)
0x08070334,FUN_08070334,196,candidate,unknown,Ghidra auto-analysis; boundary and ARM/Thumb mode are provisional; boundary corrected against the ROM (audit_boundaries.py); boundary corrected against the ROM (audit_boundaries.py)
0x080703F8,FUN_080703f8,558,candidate,unknown,Ghidra auto-analysis; boundary and ARM/Thumb mode are provisional
0x08070628,FUN_08070628,68,candidate,unknown,Ghidra auto-analysis; boundary and ARM/Thumb mode are provisional
0x0807066C,FUN_0807066c,64,candidate,unknown,Ghidra auto-analysis; boundary and ARM/Thumb mode are provisional; boundary corrected against the ROM (audit_boundaries.py); boundary corrected against the ROM (audit_boundaries.py)
0x080706AC,FUN_080706ac,8,candidate,unknown,Ghidra auto-analysis; boundary and ARM/Thumb mode are provisional; boundary corrected against the ROM (audit_boundaries.py)
0x080706B4,FUN_080706b4,24,candidate,unknown,Ghidra auto-analysis; boundary and ARM/Thumb mode are provisional; boundary corrected against the ROM (audit_boundaries.py)
0x080706CC,FUN_080706cc,20,candidate,unknown,Ghidra auto-analysis; boundary and ARM/Thumb mode are provisional; boundary corrected against the ROM (audit_boundaries.py)
0x080706E0,FUN_080706e0,224,candidate,unknown,Ghidra auto-analysis; boundary and ARM/Thumb mode are provisional; boundary corrected against the ROM (audit_boundaries.py); boundary corrected against the ROM (audit_boundaries.py)
0x080707C0,FUN_080707c0,352,candidate,unknown,Ghidra auto-analysis; boundary and ARM/Thumb mode are provisional; boundary corrected against the ROM (audit_boundaries.py); boundary corrected against the ROM (audit_boundaries.py)
0x08070920,FUN_08070920,964,candidate,unknown,Ghidra auto-analysis; boundary and ARM/Thumb mode are provisional; boundary corrected against the ROM (audit_boundaries.py); boundary corrected against the ROM (audit_boundaries.py)
0x08070CE4,_mbtowc_r,42,documented,libc,newlib routine; body byte-identical to agbcc libc.a build
0x08070D10,FUN_08070d10,132,decompiled,misc,Word-fast memchr helper; 136/132 bytes and 83 differences parked; src/misc/fast_memchr.c
0x08070D94,NoOp08070D94,2,matching,unknown,verified from a byte-matching C source; boundary and ARM/Thumb mode PROVEN against the ROM
0x08070D98,NoOp08070D98,2,matching,unknown,verified from a byte-matching C source; boundary and ARM/Thumb mode PROVEN against the ROM
0x08070D9C,FUN_08070d9c,90,candidate,unknown,Ghidra auto-analysis; boundary and ARM/Thumb mode are provisional
0x08070DF8,_Bfree,24,documented,libc,newlib routine; body byte-identical to agbcc libc.a build
0x08070E10,FUN_08070e10,156,candidate,unknown,Ghidra auto-analysis; boundary and ARM/Thumb mode are provisional; boundary corrected against the ROM (audit_boundaries.py)
0x08070EAC,FUN_08070eac,134,candidate,unknown,Ghidra auto-analysis; boundary and ARM/Thumb mode are provisional
0x08070F34,_hi0bits,88,documented,libc,newlib routine; body byte-identical to agbcc libc.a build
0x08070F8C,_lo0bits,130,documented,libc,newlib routine; body byte-identical to agbcc libc.a build
0x08071010,FUN_08071010,22,candidate,unknown,Ghidra auto-analysis; boundary and ARM/Thumb mode are provisional
0x08071028,FUN_08071028,366,candidate,unknown,Ghidra auto-analysis; boundary and ARM/Thumb mode are provisional; boundary corrected against the ROM (audit_boundaries.py)
0x08071198,FUN_08071198,156,candidate,unknown,Ghidra auto-analysis; boundary and ARM/Thumb mode are provisional; boundary corrected against the ROM (audit_boundaries.py)
0x08071234,FUN_08071234,162,candidate,unknown,Ghidra auto-analysis; boundary and ARM/Thumb mode are provisional
0x080712D8,FUN_080712d8,66,candidate,unknown,Ghidra auto-analysis; boundary and ARM/Thumb mode are provisional
0x0807131C,FUN_0807131c,244,candidate,unknown,Ghidra auto-analysis; boundary and ARM/Thumb mode are provisional; boundary corrected against the ROM (audit_boundaries.py)
0x08071410,FUN_08071410,80,candidate,unknown,Ghidra auto-analysis; boundary and ARM/Thumb mode are provisional; boundary corrected against the ROM (audit_boundaries.py)
0x08071460,FUN_08071460,192,candidate,unknown,Ghidra auto-analysis; boundary and ARM/Thumb mode are provisional; boundary corrected against the ROM (audit_boundaries.py); boundary corrected against the ROM (audit_boundaries.py)
0x08071520,FUN_08071520,236,candidate,unknown,Ghidra auto-analysis; boundary and ARM/Thumb mode are provisional; boundary corrected against the ROM (audit_boundaries.py); boundary corrected against the ROM (audit_boundaries.py)
0x0807160C,FUN_0807160c,84,candidate,unknown,Ghidra auto-analysis; boundary and ARM/Thumb mode are provisional
0x08071660,FUN_08071660,68,candidate,unknown,Ghidra auto-analysis; boundary and ARM/Thumb mode are provisional; boundary corrected against the ROM (audit_boundaries.py); boundary corrected against the ROM (audit_boundaries.py)
0x080716A4,isinf,36,documented,libc,newlib routine; body byte-identical to agbcc libc.a build
0x080716C8,isnan,32,documented,libc,newlib routine; body byte-identical to agbcc libc.a build
0x080716E8,FUN_080716e8,48,matching,unknown,verified from a byte-matching C source; boundary and ARM/Thumb mode PROVEN against the ROM; boundary corrected against the ROM (audit_boundaries.py)
0x08071718,FUN_08071718,56,candidate,unknown,Ghidra auto-analysis; boundary and ARM/Thumb mode are provisional; boundary corrected against the ROM (audit_boundaries.py)
0x08071750,FUN_08071750,68,candidate,unknown,Ghidra auto-analysis; boundary and ARM/Thumb mode are provisional; boundary corrected against the ROM (audit_boundaries.py)
0x08071794,FUN_08071794,66,candidate,unknown,Ghidra auto-analysis; boundary and ARM/Thumb mode are provisional; boundary corrected against the ROM (audit_boundaries.py)
0x080717D8,FUN_080717d8,18,discovered,unknown,"missed by Ghidra; found with tools/discover_functions.py, body not yet reviewed"
0x080717EC,findslot,30,documented,libc,"newlib syscalls.o; MASKED match against libc.a (86% and 78% fixed bytes respectively). It contains relocation, so it cannot be verified byte-for-byte and does not enter libc_regions.csv -- the identification is certain, but it does not count towards coverage."
0x0807180C,remap_handle,76,documented,libc,"newlib syscalls.o; MASKED match against libc.a (86% and 78% fixed bytes respectively). It contains relocation, so it cannot be verified byte-for-byte and does not enter libc_regions.csv -- the identification is certain, but it does not count towards coverage.; boundary verified by the 2026-09-04 ROM flow review; boundary corrected against the ROM (audit_boundaries.py)"
0x08071858,FUN_08071858,116,candidate,unknown,Ghidra auto-analysis; boundary and ARM/Thumb mode are provisional; boundary corrected against the ROM (audit_boundaries.py)
0x080718CC,FUN_080718cc,22,candidate,unknown,Ghidra auto-analysis; boundary and ARM/Thumb mode are provisional
0x080718E4,FUN_080718e4,24,candidate,unknown,Ghidra auto-analysis; boundary and ARM/Thumb mode are provisional
0x080718FC,FUN_080718fc,26,candidate,unknown,Ghidra auto-analysis; boundary and ARM/Thumb mode are provisional
0x08071918,FUN_08071918,38,candidate,unknown,Ghidra auto-analysis; boundary and ARM/Thumb mode are provisional
0x08071940,FUN_08071940,76,candidate,unknown,Ghidra auto-analysis; boundary and ARM/Thumb mode are provisional; boundary corrected against the ROM (audit_boundaries.py)
0x0807198C,FUN_0807198c,136,candidate,unknown,Ghidra auto-analysis; boundary and ARM/Thumb mode are provisional; boundary corrected against the ROM (audit_boundaries.py)
0x08071A14,FUN_08071a14,14,candidate,unknown,Ghidra auto-analysis; boundary and ARM/Thumb mode are provisional
0x08071A24,FUN_08071a24,38,candidate,unknown,Ghidra auto-analysis; boundary and ARM/Thumb mode are provisional
0x08071A4C,FUN_08071a4c,80,candidate,unknown,Ghidra auto-analysis; boundary and ARM/Thumb mode are provisional; boundary corrected against the ROM (audit_boundaries.py)
0x08071A9C,FUN_08071a9c,162,candidate,unknown,Ghidra auto-analysis; boundary and ARM/Thumb mode are provisional; boundary corrected against the ROM (audit_boundaries.py)
0x08071B54,FUN_08071b54,56,candidate,unknown,Ghidra auto-analysis; boundary and ARM/Thumb mode are provisional; boundary corrected against the ROM (audit_boundaries.py)
0x08071B8C,FUN_08071b8c,14,candidate,unknown,Ghidra auto-analysis; boundary and ARM/Thumb mode are provisional
0x08071B9C,_exit,32,documented,libc,"newlib syscall stub; body identical to its neighbour but the pair occurs exactly twice in the ROM, 32 bytes apart, matching the syscalls.o layout (_exit at object offset 892, _kill at 924) - order is therefore certain"
0x08071BBC,_kill,32,documented,libc,"newlib syscall stub; body identical to its neighbour but the pair occurs exactly twice in the ROM, 32 bytes apart, matching the syscalls.o layout (_exit at object offset 892, _kill at 924) - order is therefore certain"
0x08071BE0,FUN_08071be0,64,candidate,unknown,Ghidra auto-analysis; boundary and ARM/Thumb mode are provisional; boundary corrected against the ROM (audit_boundaries.py)
0x08071C20,FUN_08071c20,10,candidate,unknown,Ghidra auto-analysis; boundary and ARM/Thumb mode are provisional
0x08071C38,FUN_08071c38,48,candidate,unknown,Ghidra auto-analysis; boundary and ARM/Thumb mode are provisional
0x08071C68,FUN_08071c68,38,candidate,unknown,Ghidra auto-analysis; boundary and ARM/Thumb mode are provisional
0x08071C90,FUN_08071c90,52,matching,unknown,verified from a byte-matching C source; boundary and ARM/Thumb mode PROVEN against the ROM; boundary corrected against the ROM (audit_boundaries.py)
0x08071CC4,FUN_08071cc4,92,candidate,unknown,Ghidra auto-analysis; boundary and ARM/Thumb mode are provisional
0x08071D20,FUN_08071d20,48,matching,unknown,verified from a byte-matching C source; boundary and ARM/Thumb mode PROVEN against the ROM; boundary corrected against the ROM (audit_boundaries.py)
0x08071D50,FUN_08071d50,12,candidate,unknown,"leaf getter (find_accessors.py); It returns the ROM word at 0x08FD2B10. NOT WRITTEN: it is in the newlib region (0x08071D8C abort) but matches none of the 375 bodies in libc.a; its pool points at an unmapped ROM structure, so it cannot be written without inventing an unjustified symbol. 0x08FD2B10 must be documented first."
0x08071D5C,FUN_08071d5c,48,candidate,unknown,Ghidra auto-analysis; boundary and ARM/Thumb mode are provisional; boundary corrected against the ROM (audit_boundaries.py)
0x08071D8C,abort,32,documented,libc,newlib routine; body byte-identical to agbcc libc.a build
0x08071DAC,FUN_08071dac,4,candidate,unknown,Ghidra auto-analysis; boundary and ARM/Thumb mode are provisional
0x08071DB4,FUN_08071db4,52,matching,unknown,verified from a byte-matching C source; boundary and ARM/Thumb mode PROVEN against the ROM; boundary corrected against the ROM (audit_boundaries.py)
0x08071DE8,FUN_08071de8,52,matching,unknown,verified from a byte-matching C source; boundary and ARM/Thumb mode PROVEN against the ROM; boundary corrected against the ROM (audit_boundaries.py)
